ply
format ascii 1.0
element vertex 1073
property float x
property float y
property float z
property float nx
property float ny
property float nz
property float f_dc_0
property float f_dc_1
property float f_dc_2
property float opacity
property float scale_0
property float scale_1
property float scale_2
property float rot_0
property float rot_1
property float rot_2
property float rot_3
end_header
-0.018866 0.040855 0.072647 0.000000 0.000000 0.000000 -1.424914 -1.605635 -1.675143 2.000000 -3.912023 -3.912023 -3.912023 1.000000 0.000000 0.000000 0.000000
-0.015167 0.035458 0.064978 0.000000 0.000000 0.000000 -1.647339 -1.702946 -1.716847 2.000000 -3.912023 -3.912023 -3.912023 1.000000 0.000000 0.000000 0.000000
-0.019198 0.041613 0.073529 0.000000 0.000000 0.000000 -1.536127 -1.647339 -1.689044 2.000000 -3.912023 -3.912023 -3.912023 1.000000 0.000000 0.000000 0.000000
-0.010343 0.028788 0.056669 0.000000 0.000000 0.000000 -0.632523 -1.174685 -1.424914 2.000000 -3.912023 -3.912023 -3.912023 1.000000 0.000000 0.000000 0.000000
-0.021970 0.057999 0.136395 0.000000 0.000000 0.000000 -0.618621 -1.077374 -1.258095 2.000000 -3.912023 -3.912023 -3.912023 1.000000 0.000000 0.000000 0.000000
-0.016648 0.046225 0.124280 0.000000 0.000000 0.000000 -0.396196 -0.924456 -1.160784 2.000000 -3.912023 -3.912023 -3.912023 1.000000 0.000000 0.000000 0.000000
-0.023011 0.061113 0.139608 0.000000 0.000000 0.000000 -0.618621 -1.077374 -1.258095 2.000000 -3.912023 -3.912023 -3.912023 1.000000 0.000000 0.000000 0.000000
-0.012561 0.035773 0.112677 0.000000 0.000000 0.000000 -1.411012 -1.550028 -1.619536 2.000000 -3.912023 -3.912023 -3.912023 1.000000 0.000000 0.000000 0.000000
-0.016854 0.047119 0.125103 0.000000 0.000000 0.000000 -0.257180 -0.799342 -1.063472 2.000000 -3.912023 -3.912023 -3.912023 1.000000 0.000000 0.000000 0.000000
-0.014642 0.040103 0.117864 0.000000 0.000000 0.000000 -0.396196 -0.924456 -1.160784 2.000000 -3.912023 -3.912023 -3.912023 1.000000 0.000000 0.000000 0.000000
-0.016127 0.045502 0.122146 0.000000 0.000000 0.000000 -1.383209 -1.647339 -1.702946 2.000000 -3.912023 -3.912023 -3.912023 1.000000 0.000000 0.000000 0.000000
-0.015220 0.043683 0.120883 0.000000 0.000000 0.000000 -0.020852 -0.590818 -0.854948 2.000000 -3.912023 -3.912023 -3.912023 1.000000 0.000000 0.000000 0.000000
-0.013184 0.037994 0.114995 0.000000 0.000000 0.000000 -1.230291 -1.397111 -1.480520 2.000000 -3.912023 -3.912023 -3.912023 1.000000 0.000000 0.000000 0.000000
-0.017513 0.047704 0.124809 0.000000 0.000000 0.000000 -0.854948 -1.160784 -1.299799 2.000000 -3.912023 -3.912023 -3.912023 1.000000 0.000000 0.000000 0.000000
-0.066001 0.121577 0.205091 0.000000 0.000000 0.000000 -1.522225 -1.633438 -1.675143 2.000000 -3.912023 -3.912023 -3.912023 1.000000 0.000000 0.000000 0.000000
-0.143150 0.291171 0.461595 0.000000 0.000000 0.000000 -0.423999 -0.938358 -1.174685 2.000000 -3.912023 -3.912023 -3.912023 1.000000 0.000000 0.000000 0.000000
-0.160016 0.305794 0.477488 0.000000 0.000000 0.000000 -0.618621 -1.077374 -1.271996 2.000000 -3.912023 -3.912023 -3.912023 1.000000 0.000000 0.000000 0.000000
-0.099634 0.240428 0.413013 0.000000 0.000000 0.000000 -1.452717 -1.536127 -1.563930 2.000000 -3.912023 -3.912023 -3.912023 1.000000 0.000000 0.000000 0.000000
-0.101432 0.245155 0.417827 0.000000 0.000000 0.000000 -1.494422 -1.550028 -1.577831 2.000000 -3.912023 -3.912023 -3.912023 1.000000 0.000000 0.000000 0.000000
-0.118579 0.257444 0.431117 0.000000 0.000000 0.000000 -0.118164 -0.715932 -1.049571 2.000000 -3.912023 -3.912023 -3.912023 1.000000 0.000000 0.000000 0.000000
-0.133953 0.283856 0.446423 0.000000 0.000000 0.000000 -0.159868 -0.715932 -0.980063 2.000000 -3.912023 -3.912023 -3.912023 1.000000 0.000000 0.000000 0.000000
-0.155489 0.297409 0.468686 0.000000 0.000000 0.000000 -0.590818 -1.077374 -1.271996 2.000000 -3.912023 -3.912023 -3.912023 1.000000 0.000000 0.000000 0.000000
-0.166151 0.312910 0.482695 0.000000 0.000000 0.000000 -0.312786 -0.841047 -1.132980 2.000000 -3.912023 -3.912023 -3.912023 1.000000 0.000000 0.000000 0.000000
-0.130274 0.280338 0.441535 0.000000 0.000000 0.000000 -1.355406 -1.494422 -1.577831 2.000000 -3.912023 -3.912023 -3.912023 1.000000 0.000000 0.000000 0.000000
-0.034685 0.062838 0.248692 0.000000 0.000000 0.000000 -0.813244 -1.327603 -1.633438 2.000000 -3.912023 -3.912023 -3.912023 1.000000 0.000000 0.000000 0.000000
-0.101179 0.245034 0.417834 0.000000 0.000000 0.000000 -1.438815 -1.563930 -1.605635 2.000000 -3.912023 -3.912023 -3.912023 1.000000 0.000000 0.000000 0.000000
-0.114093 0.265278 0.430419 0.000000 0.000000 0.000000 -1.494422 -1.591733 -1.675143 2.000000 -3.912023 -3.912023 -3.912023 1.000000 0.000000 0.000000 0.000000
-0.154736 0.309158 0.472286 0.000000 0.000000 0.000000 -0.576916 -0.993964 -1.188587 2.000000 -3.912023 -3.912023 -3.912023 1.000000 0.000000 0.000000 0.000000
-0.044285 0.073823 0.272534 0.000000 0.000000 0.000000 -0.688129 -1.188587 -1.452717 2.000000 -3.912023 -3.912023 -3.912023 1.000000 0.000000 0.000000 0.000000
-0.318518 0.412273 0.620016 0.000000 0.000000 0.000000 -1.591733 -1.675143 -1.689044 2.000000 -3.912023 -3.912023 -3.912023 1.000000 0.000000 0.000000 0.000000
-0.137814 0.291556 0.454931 0.000000 0.000000 0.000000 -0.034754 -0.618621 -0.882752 2.000000 -3.912023 -3.912023 -3.912023 1.000000 0.000000 0.000000 0.000000
-0.134358 0.290133 0.451128 0.000000 0.000000 0.000000 -1.424914 -1.563930 -1.619536 2.000000 -3.912023 -3.912023 -3.912023 1.000000 0.000000 0.000000 0.000000
-0.287613 0.402404 0.588821 0.000000 0.000000 0.000000 -1.633438 -1.702946 -1.716847 2.000000 -3.912023 -3.912023 -3.912023 1.000000 0.000000 0.000000 0.000000
-0.153632 0.307167 0.469981 0.000000 0.000000 0.000000 -0.563015 -0.980063 -1.174685 2.000000 -3.912023 -3.912023 -3.912023 1.000000 0.000000 0.000000 0.000000
-0.043617 0.072528 0.270596 0.000000 0.000000 0.000000 -0.674228 -1.188587 -1.494422 2.000000 -3.912023 -3.912023 -3.912023 1.000000 0.000000 0.000000 0.000000
-0.113068 0.255594 0.423135 0.000000 0.000000 0.000000 -0.284983 -0.896653 -1.188587 2.000000 -3.912023 -3.912023 -3.912023 1.000000 0.000000 0.000000 0.000000
-0.134140 0.282238 0.446200 0.000000 0.000000 0.000000 -0.062557 -0.646424 -0.910555 2.000000 -3.912023 -3.912023 -3.912023 1.000000 0.000000 0.000000 0.000000
-0.128101 0.275737 0.437961 0.000000 0.000000 0.000000 -1.146882 -1.313701 -1.383209 2.000000 -3.912023 -3.912023 -3.912023 1.000000 0.000000 0.000000 0.000000
-0.274183 0.383152 0.569695 0.000000 0.000000 0.000000 -1.605635 -1.702946 -1.716847 2.000000 -3.912023 -3.912023 -3.912023 1.000000 0.000000 0.000000 0.000000
-0.072959 0.092700 0.428667 0.000000 0.000000 0.000000 -1.007866 -1.202488 -1.271996 2.000000 -3.912023 -3.912023 -3.912023 1.000000 0.000000 0.000000 0.000000
-0.498173 0.839614 1.161161 0.000000 0.000000 0.000000 -0.535212 -1.035669 -1.202488 2.000000 -3.912023 -3.912023 -3.912023 1.000000 0.000000 0.000000 0.000000
-0.514268 0.854932 1.175826 0.000000 0.000000 0.000000 -0.257180 -0.813244 -1.132980 2.000000 -3.912023 -3.912023 -3.912023 1.000000 0.000000 0.000000 0.000000
-0.504070 0.850763 1.172512 0.000000 0.000000 0.000000 -0.437900 -0.966161 -1.160784 2.000000 -3.912023 -3.912023 -3.912023 1.000000 0.000000 0.000000 0.000000
-0.500273 0.927560 1.246699 0.000000 0.000000 0.000000 -1.550028 -1.591733 -1.619536 2.000000 -3.912023 -3.912023 -3.912023 1.000000 0.000000 0.000000 0.000000
-0.550078 0.807547 1.115369 0.000000 0.000000 0.000000 -0.479605 -1.035669 -1.244193 2.000000 -3.912023 -3.912023 -3.912023 1.000000 0.000000 0.000000 0.000000
-0.502360 0.849325 1.170589 0.000000 0.000000 0.000000 -0.396196 -0.952260 -1.160784 2.000000 -3.912023 -3.912023 -3.912023 1.000000 0.000000 0.000000 0.000000
-0.530645 0.825122 1.130117 0.000000 0.000000 0.000000 -0.382294 -0.910555 -1.146882 2.000000 -3.912023 -3.912023 -3.912023 1.000000 0.000000 0.000000 0.000000
-0.519133 0.914809 1.202512 0.000000 0.000000 0.000000 -1.397111 -1.536127 -1.633438 2.000000 -3.912023 -3.912023 -3.912023 1.000000 0.000000 0.000000 0.000000
-0.174394 0.213786 0.619171 0.000000 0.000000 0.000000 -0.646424 -1.160784 -1.452717 2.000000 -3.912023 -3.912023 -3.912023 1.000000 0.000000 0.000000 0.000000
-0.495406 0.837413 1.158975 0.000000 0.000000 0.000000 -0.396196 -0.952260 -1.160784 2.000000 -3.912023 -3.912023 -3.912023 1.000000 0.000000 0.000000 0.000000
-0.509886 0.847519 1.168352 0.000000 0.000000 0.000000 -0.257180 -0.813244 -1.132980 2.000000 -3.912023 -3.912023 -3.912023 1.000000 0.000000 0.000000 0.000000
-0.544875 0.800745 1.107809 0.000000 0.000000 0.000000 -0.576916 -1.077374 -1.271996 2.000000 -3.912023 -3.912023 -3.912023 1.000000 0.000000 0.000000 0.000000
-0.703099 0.787297 1.116675 0.000000 0.000000 0.000000 -1.605635 -1.675143 -1.702946 2.000000 -3.912023 -3.912023 -3.912023 1.000000 0.000000 0.000000 0.000000
-0.508818 0.944309 1.265510 0.000000 0.000000 0.000000 -1.494422 -1.577831 -1.619536 2.000000 -3.912023 -3.912023 -3.912023 1.000000 0.000000 0.000000 0.000000
-0.508684 0.846714 1.166645 0.000000 0.000000 0.000000 -0.284983 -0.813244 -1.091276 2.000000 -3.912023 -3.912023 -3.912023 1.000000 0.000000 0.000000 0.000000
-0.526944 0.822063 1.125686 0.000000 0.000000 0.000000 -0.229376 -0.799342 -1.049571 2.000000 -3.912023 -3.912023 -3.912023 1.000000 0.000000 0.000000 0.000000
-0.498639 0.879454 1.168807 0.000000 0.000000 0.000000 -1.466619 -1.577831 -1.661241 2.000000 -3.912023 -3.912023 -3.912023 1.000000 0.000000 0.000000 0.000000
-0.531828 0.858566 1.141827 0.000000 0.000000 0.000000 -0.104262 -0.688129 -0.952260 2.000000 -3.912023 -3.912023 -3.912023 1.000000 0.000000 0.000000 0.000000
-0.536281 0.880304 1.157403 0.000000 0.000000 0.000000 -1.341504 -1.494422 -1.577831 2.000000 -3.912023 -3.912023 -3.912023 1.000000 0.000000 0.000000 0.000000
-0.543739 0.829744 1.113071 0.000000 0.000000 0.000000 -0.590818 -1.007866 -1.202488 2.000000 -3.912023 -3.912023 -3.912023 1.000000 0.000000 0.000000 0.000000
-0.161540 0.231115 0.618604 0.000000 0.000000 0.000000 -0.785440 -1.299799 -1.619536 2.000000 -3.912023 -3.912023 -3.912023 1.000000 0.000000 0.000000 0.000000
-0.523306 0.842460 1.125637 0.000000 0.000000 0.000000 -0.090360 -0.646424 -0.896653 2.000000 -3.912023 -3.912023 -3.912023 1.000000 0.000000 0.000000 0.000000
-0.528212 0.867487 1.143389 0.000000 0.000000 0.000000 -1.466619 -1.591733 -1.647339 2.000000 -3.912023 -3.912023 -3.912023 1.000000 0.000000 0.000000 0.000000
-0.555679 0.850108 1.131606 0.000000 0.000000 0.000000 -0.521310 -0.966161 -1.160784 2.000000 -3.912023 -3.912023 -3.912023 1.000000 0.000000 0.000000 0.000000
-0.168108 0.205719 0.606531 0.000000 0.000000 0.000000 -0.715932 -1.230291 -1.550028 2.000000 -3.912023 -3.912023 -3.912023 1.000000 0.000000 0.000000 0.000000
-0.703526 0.782464 1.117853 0.000000 0.000000 0.000000 -1.494422 -1.661241 -1.702946 2.000000 -3.912023 -3.912023 -3.912023 1.000000 0.000000 0.000000 0.000000
-0.519133 0.831788 1.118939 0.000000 0.000000 0.000000 -0.034754 -0.618621 -0.882752 2.000000 -3.912023 -3.912023 -3.912023 1.000000 0.000000 0.000000 0.000000
-0.971099 1.351823 1.873781 0.000000 0.000000 0.000000 -0.076459 -0.715932 -0.966161 2.000000 -3.912023 -3.912023 -3.912023 1.000000 0.000000 0.000000 0.000000
-0.971648 1.341607 1.856653 0.000000 0.000000 0.000000 -0.479605 -1.035669 -1.244193 2.000000 -3.912023 -3.912023 -3.912023 1.000000 0.000000 0.000000 0.000000
-0.999157 1.436693 1.915647 0.000000 0.000000 0.000000 -1.536127 -1.591733 -1.633438 2.000000 -3.912023 -3.912023 -3.912023 1.000000 0.000000 0.000000 0.000000
-1.013076 1.240584 1.702822 0.000000 0.000000 0.000000 -0.368392 -0.896653 -1.146882 2.000000 -3.912023 -3.912023 -3.912023 1.000000 0.000000 0.000000 0.000000
-1.015704 1.469877 2.004481 0.000000 0.000000 0.000000 -1.411012 -1.508323 -1.550028 2.000000 -3.912023 -3.912023 -3.912023 1.000000 0.000000 0.000000 0.000000
-0.991776 1.308373 1.798169 0.000000 0.000000 0.000000 -0.521310 -1.021768 -1.202488 2.000000 -3.912023 -3.912023 -3.912023 1.000000 0.000000 0.000000 0.000000
-0.992843 1.292379 1.780005 0.000000 0.000000 0.000000 -0.229376 -0.799342 -1.105177 2.000000 -3.912023 -3.912023 -3.912023 1.000000 0.000000 0.000000 0.000000
-1.023566 1.191033 1.656985 0.000000 0.000000 0.000000 -0.549113 -1.035669 -1.230291 2.000000 -3.912023 -3.912023 -3.912023 1.000000 0.000000 0.000000 0.000000
-1.138603 1.045067 1.580571 0.000000 0.000000 0.000000 -0.660326 -1.174685 -1.452717 2.000000 -3.912023 -3.912023 -3.912023 1.000000 0.000000 0.000000 0.000000
-1.023347 1.473190 1.956222 0.000000 0.000000 0.000000 -1.550028 -1.605635 -1.633438 2.000000 -3.912023 -3.912023 -3.912023 1.000000 0.000000 0.000000 0.000000
-1.025108 1.194330 1.659148 0.000000 0.000000 0.000000 -0.590818 -1.063472 -1.244193 2.000000 -3.912023 -3.912023 -3.912023 1.000000 0.000000 0.000000 0.000000
-1.016872 1.249620 1.708334 0.000000 0.000000 0.000000 -0.257180 -0.813244 -1.063472 2.000000 -3.912023 -3.912023 -3.912023 1.000000 0.000000 0.000000 0.000000
-1.207228 1.106176 1.602526 0.000000 0.000000 0.000000 -1.577831 -1.661241 -1.702946 2.000000 -3.912023 -3.912023 -3.912023 1.000000 0.000000 0.000000 0.000000
-0.997422 1.366457 1.802369 0.000000 0.000000 0.000000 -1.424914 -1.563930 -1.647339 2.000000 -3.912023 -3.912023 -3.912023 1.000000 0.000000 0.000000 0.000000
-1.027607 1.300498 1.725630 0.000000 0.000000 0.000000 -0.159868 -0.702031 -0.966161 2.000000 -3.912023 -3.912023 -3.912023 1.000000 0.000000 0.000000 0.000000
-0.405548 0.375296 1.042679 0.000000 0.000000 0.000000 -0.743736 -1.216390 -1.522225 2.000000 -3.912023 -3.912023 -3.912023 1.000000 0.000000 0.000000 0.000000
-0.423996 0.454673 1.109329 0.000000 0.000000 0.000000 -0.688129 -1.271996 -1.689044 2.000000 -3.912023 -3.912023 -3.912023 1.000000 0.000000 0.000000 0.000000
-1.235834 1.064339 1.618643 0.000000 0.000000 0.000000 -1.591733 -1.647339 -1.661241 2.000000 -3.912023 -3.912023 -3.912023 1.000000 0.000000 0.000000 0.000000
-1.012687 1.299506 1.717987 0.000000 0.000000 0.000000 -1.369307 -1.522225 -1.605635 2.000000 -3.912023 -3.912023 -3.912023 1.000000 0.000000 0.000000 0.000000
-0.305344 0.313534 0.969978 0.000000 0.000000 0.000000 -0.632523 -1.230291 -1.675143 2.000000 -3.912023 -3.912023 -3.912023 1.000000 0.000000 0.000000 0.000000
-0.407292 0.377116 1.045899 0.000000 0.000000 0.000000 -0.715932 -1.202488 -1.480520 2.000000 -3.912023 -3.912023 -3.912023 1.000000 0.000000 0.000000 0.000000
-0.541200 0.560733 1.204644 0.000000 0.000000 0.000000 -0.660326 -1.230291 -1.716847 2.000000 -3.912023 -3.912023 -3.912023 1.000000 0.000000 0.000000 0.000000
-1.023913 1.262151 1.717025 0.000000 0.000000 0.000000 -0.090360 -0.674228 -0.938358 2.000000 -3.912023 -3.912023 -3.912023 1.000000 0.000000 0.000000 0.000000
-1.031006 1.302997 1.729906 0.000000 0.000000 0.000000 -0.062557 -0.632523 -0.896653 2.000000 -3.912023 -3.912023 -3.912023 1.000000 0.000000 0.000000 0.000000
-1.020280 1.229258 1.655123 0.000000 0.000000 0.000000 -0.576916 -0.993964 -1.188587 2.000000 -3.912023 -3.912023 -3.912023 1.000000 0.000000 0.000000 0.000000
-0.310538 0.300347 0.956685 0.000000 0.000000 0.000000 -0.604720 -1.188587 -1.647339 2.000000 -3.912023 -3.912023 -3.912023 1.000000 0.000000 0.000000 0.000000
-0.984815 1.409965 1.899716 0.000000 0.000000 0.000000 -1.327603 -1.466619 -1.494422 2.000000 -3.912023 -3.912023 -3.912023 1.000000 0.000000 0.000000 0.000000
-1.217214 1.107388 1.616012 0.000000 0.000000 0.000000 -1.438815 -1.633438 -1.689044 2.000000 -3.912023 -3.912023 -3.912023 1.000000 0.000000 0.000000 0.000000
-0.989812 1.357106 1.798632 0.000000 0.000000 0.000000 -1.285898 -1.411012 -1.508323 2.000000 -3.912023 -3.912023 -3.912023 1.000000 0.000000 0.000000 0.000000
-1.010557 1.268786 1.703958 0.000000 0.000000 0.000000 -0.020852 -0.604720 -0.868850 2.000000 -3.912023 -3.912023 -3.912023 1.000000 0.000000 0.000000 0.000000
-1.031798 1.238941 1.670159 0.000000 0.000000 0.000000 -0.646424 -1.035669 -1.216390 2.000000 -3.912023 -3.912023 -3.912023 1.000000 0.000000 0.000000 0.000000
-1.024533 1.314672 1.736700 0.000000 0.000000 0.000000 -1.077374 -1.230291 -1.313701 2.000000 -3.912023 -3.912023 -3.912023 1.000000 0.000000 0.000000 0.000000
-1.496277 1.737655 2.456996 0.000000 0.000000 0.000000 -1.438815 -1.577831 -1.619536 2.000000 -3.912023 -3.912023 -3.912023 1.000000 0.000000 0.000000 0.000000
-1.527252 1.515670 2.149294 0.000000 0.000000 0.000000 -0.354491 -0.896653 -1.146882 2.000000 -3.912023 -3.912023 -3.912023 1.000000 0.000000 0.000000 0.000000
-1.467822 1.622932 2.325100 0.000000 0.000000 0.000000 -0.479605 -1.049571 -1.244193 2.000000 -3.912023 -3.912023 -3.912023 1.000000 0.000000 0.000000 0.000000
-1.497345 1.727248 2.384703 0.000000 0.000000 0.000000 -1.550028 -1.661241 -1.702946 2.000000 -3.912023 -3.912023 -3.912023 1.000000 0.000000 0.000000 0.000000
-1.494933 1.568796 2.234764 0.000000 0.000000 0.000000 -0.410097 -0.896653 -1.160784 2.000000 -3.912023 -3.912023 -3.912023 1.000000 0.000000 0.000000 0.000000
-1.518861 1.749014 2.400762 0.000000 0.000000 0.000000 -1.577831 -1.633438 -1.661241 2.000000 -3.912023 -3.912023 -3.912023 1.000000 0.000000 0.000000 0.000000
-1.542212 1.460907 2.099019 0.000000 0.000000 0.000000 -0.507408 -1.007866 -1.202488 2.000000 -3.912023 -3.912023 -3.912023 1.000000 0.000000 0.000000 0.000000
-0.574931 0.455078 1.419451 0.000000 0.000000 0.000000 -0.715932 -1.202488 -1.550028 2.000000 -3.912023 -3.912023 -3.912023 1.000000 0.000000 0.000000 0.000000
-1.095035 1.172854 2.030834 0.000000 0.000000 0.000000 -0.868850 -1.355406 -1.605635 2.000000 -3.912023 -3.912023 -3.912023 1.000000 0.000000 0.000000 0.000000
-1.495207 1.733701 2.452744 0.000000 0.000000 0.000000 -1.438815 -1.536127 -1.577831 2.000000 -3.912023 -3.912023 -3.912023 1.000000 0.000000 0.000000 0.000000
-1.482131 1.573015 2.241593 0.000000 0.000000 0.000000 -0.535212 -1.035669 -1.202488 2.000000 -3.912023 -3.912023 -3.912023 1.000000 0.000000 0.000000 0.000000
-1.490629 1.564193 2.228671 0.000000 0.000000 0.000000 -0.173770 -0.771539 -1.091276 2.000000 -3.912023 -3.912023 -3.912023 1.000000 0.000000 0.000000 0.000000
-1.464742 1.662401 2.390581 0.000000 0.000000 0.000000 -0.354491 -1.007866 -1.244193 2.000000 -3.912023 -3.912023 -3.912023 1.000000 0.000000 0.000000 0.000000
-1.480297 1.571070 2.240453 0.000000 0.000000 0.000000 -0.535212 -1.035669 -1.202488 2.000000 -3.912023 -3.912023 -3.912023 1.000000 0.000000 0.000000 0.000000
-1.479993 1.700691 2.356637 0.000000 0.000000 0.000000 -1.563930 -1.619536 -1.647339 2.000000 -3.912023 -3.912023 -3.912023 1.000000 0.000000 0.000000 0.000000
-1.537892 1.456744 2.096111 0.000000 0.000000 0.000000 -0.549113 -1.105177 -1.313701 2.000000 -3.912023 -3.912023 -3.912023 1.000000 0.000000 0.000000 0.000000
-0.938554 0.766450 1.675039 0.000000 0.000000 0.000000 -0.729834 -1.244193 -1.675143 2.000000 -3.912023 -3.912023 -3.912023 1.000000 0.000000 0.000000 0.000000
-1.466536 1.537206 2.200459 0.000000 0.000000 0.000000 -0.132065 -0.757637 -1.105177 2.000000 -3.912023 -3.912023 -3.912023 1.000000 0.000000 0.000000 0.000000
-1.559403 1.456595 2.087839 0.000000 0.000000 0.000000 -0.173770 -0.799342 -1.174685 2.000000 -3.912023 -3.912023 -3.912023 1.000000 0.000000 0.000000 0.000000
-1.572462 1.629778 2.201632 0.000000 0.000000 0.000000 -1.383209 -1.536127 -1.619536 2.000000 -3.912023 -3.912023 -3.912023 1.000000 0.000000 0.000000 0.000000
-0.740681 0.533910 1.500272 0.000000 0.000000 0.000000 -0.688129 -1.174685 -1.466619 2.000000 -3.912023 -3.912023 -3.912023 1.000000 0.000000 0.000000 0.000000
-0.917388 0.748157 1.651347 0.000000 0.000000 0.000000 -0.729834 -1.244193 -1.675143 2.000000 -3.912023 -3.912023 -3.912023 1.000000 0.000000 0.000000 0.000000
-1.456024 1.682162 2.402496 0.000000 0.000000 0.000000 -1.327603 -1.466619 -1.522225 2.000000 -3.912023 -3.912023 -3.912023 1.000000 0.000000 0.000000 0.000000
-1.466540 1.558584 2.228750 0.000000 0.000000 0.000000 -0.479605 -1.035669 -1.216390 2.000000 -3.912023 -3.912023 -3.912023 1.000000 0.000000 0.000000 0.000000
-1.468330 1.539353 2.203968 0.000000 0.000000 0.000000 -0.187672 -0.827145 -1.188587 2.000000 -3.912023 -3.912023 -3.912023 1.000000 0.000000 0.000000 0.000000
-1.503933 1.496019 2.126941 0.000000 0.000000 0.000000 -0.298884 -0.854948 -1.105177 2.000000 -3.912023 -3.912023 -3.912023 1.000000 0.000000 0.000000 0.000000
-1.538119 1.693020 2.290447 0.000000 0.000000 0.000000 -1.424914 -1.536127 -1.633438 2.000000 -3.912023 -3.912023 -3.912023 1.000000 0.000000 0.000000 0.000000
-1.523674 1.576106 2.152275 0.000000 0.000000 0.000000 -1.411012 -1.605635 -1.689044 2.000000 -3.912023 -3.912023 -3.912023 1.000000 0.000000 0.000000 0.000000
-0.756989 0.645102 1.589803 0.000000 0.000000 0.000000 -0.785440 -1.299799 -1.619536 2.000000 -3.912023 -3.912023 -3.912023 1.000000 0.000000 0.000000 0.000000
-0.922952 0.751720 1.657241 0.000000 0.000000 0.000000 -0.757637 -1.285898 -1.716847 2.000000 -3.912023 -3.912023 -3.912023 1.000000 0.000000 0.000000 0.000000
-1.475505 1.691597 2.349778 0.000000 0.000000 0.000000 -1.522225 -1.563930 -1.605635 2.000000 -3.912023 -3.912023 -3.912023 1.000000 0.000000 0.000000 0.000000
-1.762334 1.337787 2.025287 0.000000 0.000000 0.000000 -1.591733 -1.675143 -1.702946 2.000000 -3.912023 -3.912023 -3.912023 1.000000 0.000000 0.000000 0.000000
-1.505951 1.531964 2.123282 0.000000 0.000000 0.000000 -0.090360 -0.646424 -0.910555 2.000000 -3.912023 -3.912023 -3.912023 1.000000 0.000000 0.000000 0.000000
-1.548301 1.510753 2.098269 0.000000 0.000000 0.000000 -0.743736 -1.119079 -1.285898 2.000000 -3.912023 -3.912023 -3.912023 1.000000 0.000000 0.000000 0.000000
-0.581017 0.432449 1.390921 0.000000 0.000000 0.000000 -0.674228 -1.230291 -1.675143 2.000000 -3.912023 -3.912023 -3.912023 1.000000 0.000000 0.000000 0.000000
-0.737718 0.533789 1.498959 0.000000 0.000000 0.000000 -0.632523 -1.146882 -1.438815 2.000000 -3.912023 -3.912023 -3.912023 1.000000 0.000000 0.000000 0.000000
-1.483188 1.477842 2.104259 0.000000 0.000000 0.000000 -0.090360 -0.674228 -0.938358 2.000000 -3.912023 -3.912023 -3.912023 1.000000 0.000000 0.000000 0.000000
-1.501704 1.651139 2.255697 0.000000 0.000000 0.000000 -1.313701 -1.438815 -1.536127 2.000000 -3.912023 -3.912023 -3.912023 1.000000 0.000000 0.000000 0.000000
-1.518396 1.538800 2.137760 0.000000 0.000000 0.000000 -0.020852 -0.590818 -0.868850 2.000000 -3.912023 -3.912023 -3.912023 1.000000 0.000000 0.000000 0.000000
-1.568217 1.529472 2.122249 0.000000 0.000000 0.000000 -0.841047 -1.160784 -1.299799 2.000000 -3.912023 -3.912023 -3.912023 1.000000 0.000000 0.000000 0.000000
-1.535639 1.588252 2.171150 0.000000 0.000000 0.000000 -1.132980 -1.299799 -1.369307 2.000000 -3.912023 -3.912023 -3.912023 1.000000 0.000000 0.000000 0.000000
-1.261591 0.617329 2.099166 0.000000 0.000000 0.000000 -1.313701 -1.550028 -1.633438 2.000000 -3.912023 -3.912023 -3.912023 1.000000 0.000000 0.000000 0.000000
-1.972958 1.787263 2.683511 0.000000 0.000000 0.000000 -0.618621 -1.091276 -1.271996 2.000000 -3.912023 -3.912023 -3.912023 1.000000 0.000000 0.000000 0.000000
-2.008560 1.735031 2.588036 0.000000 0.000000 0.000000 -0.173770 -0.757637 -1.077374 2.000000 -3.912023 -3.912023 -3.912023 1.000000 0.000000 0.000000 0.000000
-0.921242 0.574854 1.865903 0.000000 0.000000 0.000000 -0.660326 -1.174685 -1.563930 2.000000 -3.912023 -3.912023 -3.912023 1.000000 0.000000 0.000000 0.000000
-1.984544 1.857105 2.792713 0.000000 0.000000 0.000000 -0.382294 -1.049571 -1.271996 2.000000 -3.912023 -3.912023 -3.912023 1.000000 0.000000 0.000000 0.000000
-1.961856 1.802968 2.717513 0.000000 0.000000 0.000000 -0.340589 -0.993964 -1.271996 2.000000 -3.912023 -3.912023 -3.912023 1.000000 0.000000 0.000000 0.000000
-2.008659 1.916393 2.822230 0.000000 0.000000 0.000000 -1.438815 -1.563930 -1.619536 2.000000 -3.912023 -3.912023 -3.912023 1.000000 0.000000 0.000000 0.000000
-1.955474 1.785440 2.692299 0.000000 0.000000 0.000000 -0.132065 -0.757637 -1.021768 2.000000 -3.912023 -3.912023 -3.912023 1.000000 0.000000 0.000000 0.000000
-1.981452 1.781069 2.668824 0.000000 0.000000 0.000000 -0.757637 -1.202488 -1.355406 2.000000 -3.912023 -3.912023 -3.912023 1.000000 0.000000 0.000000 0.000000
-2.005736 1.731772 2.585351 0.000000 0.000000 0.000000 -0.173770 -0.757637 -1.077374 2.000000 -3.912023 -3.912023 -3.912023 1.000000 0.000000 0.000000 0.000000
-2.007613 1.897252 2.736573 0.000000 0.000000 0.000000 -1.550028 -1.661241 -1.689044 2.000000 -3.912023 -3.912023 -3.912023 1.000000 0.000000 0.000000 0.000000
-0.921728 0.574911 1.865530 0.000000 0.000000 0.000000 -0.632523 -1.160784 -1.550028 2.000000 -3.912023 -3.912023 -3.912023 1.000000 0.000000 0.000000 0.000000
-2.032430 1.939093 2.848570 0.000000 0.000000 0.000000 -1.508323 -1.591733 -1.619536 2.000000 -3.912023 -3.912023 -3.912023 1.000000 0.000000 0.000000 0.000000
-1.966139 1.794879 2.701470 0.000000 0.000000 0.000000 -0.132065 -0.757637 -1.021768 2.000000 -3.912023 -3.912023 -3.912023 1.000000 0.000000 0.000000 0.000000
-1.999013 1.743519 2.600719 0.000000 0.000000 0.000000 -0.743736 -1.160784 -1.271996 2.000000 -3.912023 -3.912023 -3.912023 1.000000 0.000000 0.000000 0.000000
-2.010132 1.736280 2.587677 0.000000 0.000000 0.000000 -0.159868 -0.743736 -1.063472 2.000000 -3.912023 -3.912023 -3.912023 1.000000 0.000000 0.000000 0.000000
-1.993885 1.877534 2.712506 0.000000 0.000000 0.000000 -1.536127 -1.605635 -1.647339 2.000000 -3.912023 -3.912023 -3.912023 1.000000 0.000000 0.000000 0.000000
-0.923669 0.576269 1.867450 0.000000 0.000000 0.000000 -0.535212 -1.119079 -1.605635 2.000000 -3.912023 -3.912023 -3.912023 1.000000 0.000000 0.000000 0.000000
-1.956309 1.800804 2.716660 0.000000 0.000000 0.000000 -0.201573 -0.980063 -1.313701 2.000000 -3.912023 -3.912023 -3.912023 1.000000 0.000000 0.000000 0.000000
-2.026258 1.931937 2.842140 0.000000 0.000000 0.000000 -1.522225 -1.591733 -1.633438 2.000000 -3.912023 -3.912023 -3.912023 1.000000 0.000000 0.000000 0.000000
-1.991036 1.820367 2.726894 0.000000 0.000000 0.000000 -0.132065 -0.757637 -1.021768 2.000000 -3.912023 -3.912023 -3.912023 1.000000 0.000000 0.000000 0.000000
-1.995608 1.741986 2.598386 0.000000 0.000000 0.000000 -0.535212 -1.021768 -1.188587 2.000000 -3.912023 -3.912023 -3.912023 1.000000 0.000000 0.000000 0.000000
-2.064280 1.694841 2.506092 0.000000 0.000000 0.000000 -0.271081 -0.827145 -1.077374 2.000000 -3.912023 -3.912023 -3.912023 1.000000 0.000000 0.000000 0.000000
-1.950480 1.782307 2.686311 0.000000 0.000000 0.000000 -0.104262 -0.743736 -1.021768 2.000000 -3.912023 -3.912023 -3.912023 1.000000 0.000000 0.000000 0.000000
-2.018705 1.905781 2.746259 0.000000 0.000000 0.000000 -1.536127 -1.633438 -1.675143 2.000000 -3.912023 -3.912023 -3.912023 1.000000 0.000000 0.000000 0.000000
-2.066251 1.698242 2.508976 0.000000 0.000000 0.000000 -0.243278 -0.799342 -1.063472 2.000000 -3.912023 -3.912023 -3.912023 1.000000 0.000000 0.000000 0.000000
-2.123689 1.646995 2.459263 0.000000 0.000000 0.000000 -0.229376 -0.854948 -1.244193 2.000000 -3.912023 -3.912023 -3.912023 1.000000 0.000000 0.000000 0.000000
-0.928333 0.580484 1.873672 0.000000 0.000000 0.000000 -0.563015 -1.146882 -1.605635 2.000000 -3.912023 -3.912023 -3.912023 1.000000 0.000000 0.000000 0.000000
-1.161369 0.772624 2.000688 0.000000 0.000000 0.000000 -0.674228 -1.244193 -1.647339 2.000000 -3.912023 -3.912023 -3.912023 1.000000 0.000000 0.000000 0.000000
-1.514377 0.768041 2.045777 0.000000 0.000000 0.000000 -1.007866 -1.369307 -1.605635 2.000000 -3.912023 -3.912023 -3.912023 1.000000 0.000000 0.000000 0.000000
-2.347499 1.502587 2.382112 0.000000 0.000000 0.000000 -1.577831 -1.675143 -1.702946 2.000000 -3.912023 -3.912023 -3.912023 1.000000 0.000000 0.000000 0.000000
-2.044591 1.678792 2.490306 0.000000 0.000000 0.000000 -0.271081 -0.827145 -1.077374 2.000000 -3.912023 -3.912023 -3.912023 1.000000 0.000000 0.000000 0.000000
-2.111066 1.704788 2.465787 0.000000 0.000000 0.000000 -0.549113 -0.993964 -1.188587 2.000000 -3.912023 -3.912023 -3.912023 1.000000 0.000000 0.000000 0.000000
-2.093591 1.786810 2.530098 0.000000 0.000000 0.000000 -1.383209 -1.550028 -1.633438 2.000000 -3.912023 -3.912023 -3.912023 1.000000 0.000000 0.000000 0.000000
-0.944449 0.554683 1.841957 0.000000 0.000000 0.000000 -0.646424 -1.202488 -1.591733 2.000000 -3.912023 -3.912023 -3.912023 1.000000 0.000000 0.000000 0.000000
-0.934184 0.584634 1.878291 0.000000 0.000000 0.000000 -0.521310 -1.160784 -1.702946 2.000000 -3.912023 -3.912023 -3.912023 1.000000 0.000000 0.000000 0.000000
-1.648172 1.337613 2.344022 0.000000 0.000000 0.000000 -1.035669 -1.411012 -1.563930 2.000000 -3.912023 -3.912023 -3.912023 1.000000 0.000000 0.000000 0.000000
-2.001326 1.755975 2.608441 0.000000 0.000000 0.000000 -0.396196 -1.007866 -1.216390 2.000000 -3.912023 -3.912023 -3.912023 1.000000 0.000000 0.000000 0.000000
-2.071873 1.601528 2.416758 0.000000 0.000000 0.000000 -0.215475 -0.841047 -1.216390 2.000000 -3.912023 -3.912023 -3.912023 1.000000 0.000000 0.000000 0.000000
-2.089292 1.754795 2.516248 0.000000 0.000000 0.000000 -0.090360 -0.660326 -0.910555 2.000000 -3.912023 -3.912023 -3.912023 1.000000 0.000000 0.000000 0.000000
-2.133458 1.723045 2.482351 0.000000 0.000000 0.000000 -0.549113 -0.993964 -1.188587 2.000000 -3.912023 -3.912023 -3.912023 1.000000 0.000000 0.000000 0.000000
-2.105392 1.797222 2.543137 0.000000 0.000000 0.000000 -1.327603 -1.480520 -1.563930 2.000000 -3.912023 -3.912023 -3.912023 1.000000 0.000000 0.000000 0.000000
-0.934331 0.546609 1.832053 0.000000 0.000000 0.000000 -0.632523 -1.202488 -1.661241 2.000000 -3.912023 -3.912023 -3.912023 1.000000 0.000000 0.000000 0.000000
-1.060549 0.576137 1.867947 0.000000 0.000000 0.000000 -1.139931 -1.411012 -1.577831 3.500000 -4.258597 -4.258597 -4.258597 1.000000 0.000000 0.000000 0.000000
-1.155516 0.781195 2.017776 0.000000 0.000000 0.000000 -0.813244 -1.313701 -1.647339 2.000000 -3.912023 -3.912023 -3.912023 1.000000 0.000000 0.000000 0.000000
-1.179319 0.783127 2.019536 0.000000 0.000000 0.000000 -0.660326 -1.258095 -1.675143 2.000000 -3.912023 -3.912023 -3.912023 1.000000 0.000000 0.000000 0.000000
-2.054901 1.937696 2.780342 0.000000 0.000000 0.000000 -1.424914 -1.522225 -1.563930 2.000000 -3.912023 -3.912023 -3.912023 1.000000 0.000000 0.000000 0.000000
-2.060185 1.590112 2.408361 0.000000 0.000000 0.000000 -0.201573 -0.868850 -1.258095 2.000000 -3.912023 -3.912023 -3.912023 1.000000 0.000000 0.000000 0.000000
-2.063012 1.725290 2.497099 0.000000 0.000000 0.000000 -0.020852 -0.590818 -0.868850 2.000000 -3.912023 -3.912023 -3.912023 1.000000 0.000000 0.000000 0.000000
-2.061773 1.656444 2.428760 0.000000 0.000000 0.000000 -0.980063 -1.244193 -1.369307 2.000000 -3.912023 -3.912023 -3.912023 1.000000 0.000000 0.000000 0.000000
-2.081619 1.775054 2.528633 0.000000 0.000000 0.000000 -1.146882 -1.313701 -1.383209 2.000000 -3.912023 -3.912023 -3.912023 1.000000 0.000000 0.000000 0.000000
-1.866680 0.622672 2.504440 0.000000 0.000000 0.000000 -0.576916 -1.077374 -1.383209 2.000000 -3.912023 -3.912023 -3.912023 1.000000 0.000000 0.000000 0.000000
-1.294426 0.654843 2.283475 0.000000 0.000000 0.000000 -0.326688 -0.771539 -1.021768 2.000000 -3.912023 -3.912023 -3.912023 1.000000 0.000000 0.000000 0.000000
-2.568649 2.048053 3.155023 0.000000 0.000000 0.000000 -1.466619 -1.619536 -1.675143 2.000000 -3.912023 -3.912023 -3.912023 1.000000 0.000000 0.000000 0.000000
-2.561090 2.042238 3.141851 0.000000 0.000000 0.000000 -1.508323 -1.591733 -1.619536 2.000000 -3.912023 -3.912023 -3.912023 1.000000 0.000000 0.000000 0.000000
-2.536338 1.978615 3.118825 0.000000 0.000000 0.000000 -0.368392 -1.049571 -1.285898 2.000000 -3.912023 -3.912023 -3.912023 1.000000 0.000000 0.000000 0.000000
-2.538474 1.933690 3.040967 0.000000 0.000000 0.000000 -0.118164 -0.757637 -1.035669 2.000000 -3.912023 -3.912023 -3.912023 1.000000 0.000000 0.000000 0.000000
-2.576511 2.055237 3.156952 0.000000 0.000000 0.000000 -1.536127 -1.577831 -1.605635 2.000000 -3.912023 -3.912023 -3.912023 1.000000 0.000000 0.000000 0.000000
-2.588582 1.869607 2.914189 0.000000 0.000000 0.000000 -0.145967 -0.771539 -1.105177 2.000000 -3.912023 -3.912023 -3.912023 1.000000 0.000000 0.000000 0.000000
-2.594434 2.046630 3.072148 0.000000 0.000000 0.000000 -1.522225 -1.675143 -1.702946 2.000000 -3.912023 -3.912023 -3.912023 1.000000 0.000000 0.000000 0.000000
-2.608711 2.056862 3.072204 0.000000 0.000000 0.000000 -1.633438 -1.661241 -1.689044 2.000000 -3.912023 -3.912023 -3.912023 1.000000 0.000000 0.000000 0.000000
-2.053756 1.455985 2.785869 0.000000 0.000000 0.000000 -0.896653 -1.369307 -1.591733 2.000000 -3.912023 -3.912023 -3.912023 1.000000 0.000000 0.000000 0.000000
-2.541645 1.923787 3.020305 0.000000 0.000000 0.000000 -0.354491 -0.993964 -1.216390 2.000000 -3.912023 -3.912023 -3.912023 1.000000 0.000000 0.000000 0.000000
-2.510607 1.925634 3.042519 0.000000 0.000000 0.000000 -0.118164 -0.882752 -1.216390 2.000000 -3.912023 -3.912023 -3.912023 1.000000 0.000000 0.000000 0.000000
-2.563315 2.041065 3.146811 0.000000 0.000000 0.000000 -1.508323 -1.591733 -1.633438 2.000000 -3.912023 -3.912023 -3.912023 1.000000 0.000000 0.000000 0.000000
-2.533342 1.917935 3.014107 0.000000 0.000000 0.000000 -0.354491 -0.993964 -1.216390 2.000000 -3.912023 -3.912023 -3.912023 1.000000 0.000000 0.000000 0.000000
-2.990551 1.631461 2.698869 0.000000 0.000000 0.000000 -1.550028 -1.619536 -1.647339 2.000000 -3.912023 -3.912023 -3.912023 1.000000 0.000000 0.000000 0.000000
-3.022183 1.669688 2.717786 0.000000 0.000000 0.000000 -1.438815 -1.605635 -1.661241 2.000000 -3.912023 -3.912023 -3.912023 1.000000 0.000000 0.000000 0.000000
-2.675334 1.842268 2.837932 0.000000 0.000000 0.000000 -0.284983 -0.841047 -1.091276 2.000000 -3.912023 -3.912023 -3.912023 1.000000 0.000000 0.000000 0.000000
-2.549134 1.993460 3.134325 0.000000 0.000000 0.000000 -0.437900 -1.132980 -1.355406 2.000000 -3.912023 -3.912023 -3.912023 1.000000 0.000000 0.000000 0.000000
-2.572711 2.048458 3.155107 0.000000 0.000000 0.000000 -1.508323 -1.591733 -1.633438 2.000000 -3.912023 -3.912023 -3.912023 1.000000 0.000000 0.000000 0.000000
-2.579809 2.011653 3.038855 0.000000 0.000000 0.000000 -0.451802 -1.063472 -1.271996 2.000000 -3.912023 -3.912023 -3.912023 1.000000 0.000000 0.000000 0.000000
-2.577675 2.029986 3.057324 0.000000 0.000000 0.000000 -1.577831 -1.675143 -1.702946 2.000000 -3.912023 -3.912023 -3.912023 1.000000 0.000000 0.000000 0.000000
-2.626722 1.807089 2.803874 0.000000 0.000000 0.000000 -0.257180 -0.813244 -1.063472 2.000000 -3.912023 -3.912023 -3.912023 1.000000 0.000000 0.000000 0.000000
-2.697781 1.907370 2.834830 0.000000 0.000000 0.000000 -0.243278 -0.785440 -1.035669 2.000000 -3.912023 -3.912023 -3.912023 1.000000 0.000000 0.000000 0.000000
-1.666651 0.637968 2.498579 0.000000 0.000000 0.000000 -0.813244 -1.369307 -1.675143 2.000000 -3.912023 -3.912023 -3.912023 1.000000 0.000000 0.000000 0.000000
-1.738324 1.074002 2.569849 0.000000 0.000000 0.000000 -0.660326 -1.258095 -1.563930 2.000000 -3.912023 -3.912023 -3.912023 1.000000 0.000000 0.000000 0.000000
-2.498545 1.952922 3.096794 0.000000 0.000000 0.000000 -0.382294 -1.105177 -1.341504 2.000000 -3.912023 -3.912023 -3.912023 1.000000 0.000000 0.000000 0.000000
-2.593829 2.066012 3.176035 0.000000 0.000000 0.000000 -1.355406 -1.577831 -1.647339 2.000000 -3.912023 -3.912023 -3.912023 1.000000 0.000000 0.000000 0.000000
-2.538797 1.910156 2.992270 0.000000 0.000000 0.000000 -0.243278 -0.924456 -1.174685 2.000000 -3.912023 -3.912023 -3.912023 1.000000 0.000000 0.000000 0.000000
-2.566046 1.850379 2.894256 0.000000 0.000000 0.000000 -0.090360 -0.729834 -1.077374 2.000000 -3.912023 -3.912023 -3.912023 1.000000 0.000000 0.000000 0.000000
-2.571885 1.999813 3.034739 0.000000 0.000000 0.000000 -0.368392 -0.882752 -1.077374 2.000000 -3.912023 -3.912023 -3.912023 1.000000 0.000000 0.000000 0.000000
-2.707010 1.832895 2.771296 0.000000 0.000000 0.000000 -0.549113 -0.980063 -1.174685 2.000000 -3.912023 -3.912023 -3.912023 1.000000 0.000000 0.000000 0.000000
-2.689568 1.921812 2.838918 0.000000 0.000000 0.000000 -1.452717 -1.605635 -1.675143 2.000000 -3.912023 -3.912023 -3.912023 1.000000 0.000000 0.000000 0.000000
-3.011380 1.637540 2.711583 0.000000 0.000000 0.000000 -1.563930 -1.661241 -1.689044 2.000000 -3.912023 -3.912023 -3.912023 1.000000 0.000000 0.000000 0.000000
-2.745635 1.787633 2.783209 0.000000 0.000000 0.000000 -0.187672 -0.841047 -1.230291 2.000000 -3.912023 -3.912023 -3.912023 1.000000 0.000000 0.000000 0.000000
-2.648994 1.825422 2.818043 0.000000 0.000000 0.000000 -0.257180 -0.813244 -1.063472 2.000000 -3.912023 -3.912023 -3.912023 1.000000 0.000000 0.000000 0.000000
-2.681324 1.812414 2.753684 0.000000 0.000000 0.000000 -0.646424 -1.049571 -1.244193 2.000000 -3.912023 -3.912023 -3.912023 1.000000 0.000000 0.000000 0.000000
-2.689049 1.894883 2.830011 0.000000 0.000000 0.000000 -0.118164 -0.688129 -0.938358 2.000000 -3.912023 -3.912023 -3.912023 1.000000 0.000000 0.000000 0.000000
-2.653057 1.892594 2.817062 0.000000 0.000000 0.000000 -1.411012 -1.577831 -1.661241 2.000000 -3.912023 -3.912023 -3.912023 1.000000 0.000000 0.000000 0.000000
-1.516320 0.659038 2.279562 0.000000 0.000000 0.000000 -0.729834 -1.216390 -1.577831 2.000000 -3.912023 -3.912023 -3.912023 1.000000 0.000000 0.000000 0.000000
-1.601402 0.735637 2.323657 0.000000 0.000000 0.000000 -0.688129 -1.188587 -1.508323 2.000000 -3.912023 -3.912023 -3.912023 1.000000 0.000000 0.000000 0.000000
-1.633618 0.876310 2.405184 0.000000 0.000000 0.000000 -0.674228 -1.258095 -1.689044 2.000000 -3.912023 -3.912023 -3.912023 1.000000 0.000000 0.000000 0.000000
-2.206951 1.673442 3.002935 0.000000 0.000000 0.000000 -1.341504 -1.563930 -1.661241 2.000000 -3.912023 -3.912023 -3.912023 1.000000 0.000000 0.000000 0.000000
-2.971358 1.610130 2.694938 0.000000 0.000000 0.000000 -1.132980 -1.452717 -1.633438 2.000000 -3.912023 -3.912023 -3.912023 1.000000 0.000000 0.000000 0.000000
-2.560667 1.879319 2.926922 0.000000 0.000000 0.000000 -0.465704 -1.049571 -1.258095 2.000000 -3.912023 -3.912023 -3.912023 1.000000 0.000000 0.000000 0.000000
-2.575408 1.990345 3.033226 0.000000 0.000000 0.000000 -0.271081 -0.896653 -1.119079 2.000000 -3.912023 -3.912023 -3.912023 1.000000 0.000000 0.000000 0.000000
-2.585742 2.031862 3.065146 0.000000 0.000000 0.000000 -1.438815 -1.536127 -1.577831 2.000000 -3.912023 -3.912023 -3.912023 1.000000 0.000000 0.000000 0.000000
-2.747521 1.786116 2.785071 0.000000 0.000000 0.000000 -0.312786 -0.993964 -1.383209 2.000000 -3.912023 -3.912023 -3.912023 1.000000 0.000000 0.000000 0.000000
-2.711684 1.828570 2.775057 0.000000 0.000000 0.000000 -0.854948 -1.160784 -1.327603 2.000000 -3.912023 -3.912023 -3.912023 1.000000 0.000000 0.000000 0.000000
-2.661364 1.866489 2.812663 0.000000 0.000000 0.000000 -0.034754 -0.604720 -0.868850 2.000000 -3.912023 -3.912023 -3.912023 1.000000 0.000000 0.000000 0.000000
-2.618690 1.863771 2.797257 0.000000 0.000000 0.000000 -1.285898 -1.452717 -1.550028 2.000000 -3.912023 -3.912023 -3.912023 1.000000 0.000000 0.000000 0.000000
-3.183930 2.148220 3.449900 0.000000 0.000000 0.000000 -1.480520 -1.633438 -1.675143 2.000000 -3.912023 -3.912023 -3.912023 1.000000 0.000000 0.000000 0.000000
-3.175079 2.141067 3.434851 0.000000 0.000000 0.000000 -1.480520 -1.605635 -1.647339 2.000000 -3.912023 -3.912023 -3.912023 1.000000 0.000000 0.000000 0.000000
-3.196567 2.029895 3.310532 0.000000 0.000000 0.000000 -0.410097 -0.952260 -1.146882 2.000000 -3.912023 -3.912023 -3.912023 1.000000 0.000000 0.000000 0.000000
-3.185931 2.053170 3.357921 0.000000 0.000000 0.000000 -0.118164 -0.757637 -1.035669 2.000000 -3.912023 -3.912023 -3.912023 1.000000 0.000000 0.000000 0.000000
-3.179799 2.032967 3.327057 0.000000 0.000000 0.000000 -0.437900 -1.007866 -1.216390 2.000000 -3.912023 -3.912023 -3.912023 1.000000 0.000000 0.000000 0.000000
-3.191450 2.026977 3.307276 0.000000 0.000000 0.000000 -0.410097 -0.952260 -1.146882 2.000000 -3.912023 -3.912023 -3.912023 1.000000 0.000000 0.000000 0.000000
-3.150023 2.075799 3.418572 0.000000 0.000000 0.000000 -0.563015 -1.160784 -1.341504 2.000000 -3.912023 -3.912023 -3.912023 1.000000 0.000000 0.000000 0.000000
-3.190032 2.149031 3.448587 0.000000 0.000000 0.000000 -1.536127 -1.619536 -1.661241 2.000000 -3.912023 -3.912023 -3.912023 1.000000 0.000000 0.000000 0.000000
-3.158144 2.017765 3.312744 0.000000 0.000000 0.000000 -0.437900 -1.007866 -1.216390 2.000000 -3.912023 -3.912023 -3.912023 1.000000 0.000000 0.000000 0.000000
-3.219137 2.144566 3.355253 0.000000 0.000000 0.000000 -1.563930 -1.661241 -1.702946 2.000000 -3.912023 -3.912023 -3.912023 1.000000 0.000000 0.000000 0.000000
-3.232761 2.151138 3.351896 0.000000 0.000000 0.000000 -1.619536 -1.661241 -1.689044 2.000000 -3.912023 -3.912023 -3.912023 1.000000 0.000000 0.000000 0.000000
-2.427951 0.658764 2.910476 0.000000 0.000000 0.000000 -0.521310 -1.035669 -1.355406 2.000000 -3.912023 -3.912023 -3.912023 1.000000 0.000000 0.000000 0.000000
-1.825083 0.731516 2.705279 0.000000 0.000000 0.000000 -0.632523 -1.146882 -1.550028 2.000000 -3.912023 -3.912023 -3.912023 1.000000 0.000000 0.000000 0.000000
-3.182111 2.143257 3.444327 0.000000 0.000000 0.000000 -1.536127 -1.619536 -1.661241 2.000000 -3.912023 -3.912023 -3.912023 1.000000 0.000000 0.000000 0.000000
-3.351082 1.850248 3.042395 0.000000 0.000000 0.000000 -0.284983 -0.938358 -1.327603 2.000000 -3.912023 -3.912023 -3.912023 1.000000 0.000000 0.000000 0.000000
-3.201573 2.127507 3.333983 0.000000 0.000000 0.000000 -1.577831 -1.633438 -1.661241 2.000000 -3.912023 -3.912023 -3.912023 1.000000 0.000000 0.000000 0.000000
-3.326733 1.939670 3.118552 0.000000 0.000000 0.000000 -0.215475 -0.785440 -1.049571 2.000000 -3.912023 -3.912023 -3.912023 1.000000 0.000000 0.000000 0.000000
-2.645414 1.562066 3.137606 0.000000 0.000000 0.000000 -0.813244 -1.369307 -1.661241 2.000000 -3.912023 -3.912023 -3.912023 1.000000 0.000000 0.000000 0.000000
-3.125940 2.060707 3.406995 0.000000 0.000000 0.000000 -0.396196 -1.119079 -1.341504 2.000000 -3.912023 -3.912023 -3.912023 1.000000 0.000000 0.000000 0.000000
-3.183227 2.142816 3.446166 0.000000 0.000000 0.000000 -1.522225 -1.591733 -1.633438 2.000000 -3.912023 -3.912023 -3.912023 1.000000 0.000000 0.000000 0.000000
-3.193321 2.047885 3.340473 0.000000 0.000000 0.000000 -0.284983 -0.980063 -1.216390 2.000000 -3.912023 -3.912023 -3.912023 1.000000 0.000000 0.000000 0.000000
-3.217592 2.121764 3.333287 0.000000 0.000000 0.000000 -0.396196 -0.980063 -1.188587 2.000000 -3.912023 -3.912023 -3.912023 1.000000 0.000000 0.000000 0.000000
-1.817462 0.728054 2.697749 0.000000 0.000000 0.000000 -0.507408 -1.132980 -1.689044 2.000000 -3.912023 -3.912023 -3.912023 1.000000 0.000000 0.000000 0.000000
-2.161503 0.804844 2.714348 0.000000 0.000000 0.000000 -0.674228 -1.174685 -1.466619 2.000000 -3.912023 -3.912023 -3.912023 1.000000 0.000000 0.000000 0.000000
-2.268445 1.152140 2.930998 0.000000 0.000000 0.000000 -0.688129 -1.258095 -1.550028 2.000000 -3.912023 -3.912023 -3.912023 1.000000 0.000000 0.000000 0.000000
-3.244276 1.982108 3.210888 0.000000 0.000000 0.000000 -0.090360 -0.743736 -1.091276 2.000000 -3.912023 -3.912023 -3.912023 1.000000 0.000000 0.000000 0.000000
-3.226568 2.124398 3.342407 0.000000 0.000000 0.000000 -0.576916 -0.993964 -1.146882 2.000000 -3.912023 -3.912023 -3.912023 1.000000 0.000000 0.000000 0.000000
-3.240095 2.059613 3.193489 0.000000 0.000000 0.000000 -1.411012 -1.522225 -1.619536 2.000000 -3.912023 -3.912023 -3.912023 1.000000 0.000000 0.000000 0.000000
-3.388007 1.944163 3.053566 0.000000 0.000000 0.000000 -0.604720 -1.021768 -1.216390 2.000000 -3.912023 -3.912023 -3.912023 1.000000 0.000000 0.000000 0.000000
-1.860588 0.699551 2.666899 0.000000 0.000000 0.000000 -0.590818 -1.174685 -1.563930 2.000000 -3.912023 -3.912023 -3.912023 1.000000 0.000000 0.000000 0.000000
-1.811080 0.724926 2.691442 0.000000 0.000000 0.000000 -0.549113 -1.146882 -1.633438 2.000000 -3.912023 -3.912023 -3.912023 1.000000 0.000000 0.000000 0.000000
-3.146058 2.018819 3.312500 0.000000 0.000000 0.000000 -0.326688 -1.007866 -1.230291 2.000000 -3.912023 -3.912023 -3.912023 1.000000 0.000000 0.000000 0.000000
-3.400640 1.877444 3.056479 0.000000 0.000000 0.000000 -0.201573 -0.841047 -1.230291 2.000000 -3.912023 -3.912023 -3.912023 1.000000 0.000000 0.000000 0.000000
-3.358538 1.963924 3.132799 0.000000 0.000000 0.000000 -0.215475 -0.785440 -1.049571 2.000000 -3.912023 -3.912023 -3.912023 1.000000 0.000000 0.000000 0.000000
-3.425376 1.966832 3.071433 0.000000 0.000000 0.000000 -0.604720 -1.021768 -1.216390 2.000000 -3.912023 -3.912023 -3.912023 1.000000 0.000000 0.000000 0.000000
-3.320101 1.979014 3.089178 0.000000 0.000000 0.000000 -0.159868 -0.715932 -0.966161 2.000000 -3.912023 -3.912023 -3.912023 1.000000 0.000000 0.000000 0.000000
-1.837569 0.737971 2.713672 0.000000 0.000000 0.000000 -0.479605 -1.119079 -1.675143 2.000000 -3.912023 -3.912023 -3.912023 1.000000 0.000000 0.000000 0.000000
-2.155863 0.801952 2.713860 0.000000 0.000000 0.000000 -0.729834 -1.244193 -1.563930 2.000000 -3.912023 -3.912023 -3.912023 1.000000 0.000000 0.000000 0.000000
-3.230439 2.114783 3.342010 0.000000 0.000000 0.000000 -0.298884 -0.854948 -1.049571 2.000000 -3.912023 -3.912023 -3.912023 1.000000 0.000000 0.000000 0.000000
-3.161362 2.091394 3.317645 0.000000 0.000000 0.000000 -1.369307 -1.424914 -1.452717 2.000000 -3.912023 -3.912023 -3.912023 1.000000 0.000000 0.000000 0.000000
-3.400493 1.873260 3.057809 0.000000 0.000000 0.000000 -0.312786 -0.993964 -1.369307 2.000000 -3.912023 -3.912023 -3.912023 1.000000 0.000000 0.000000 0.000000
-3.281578 1.909835 3.089812 0.000000 0.000000 0.000000 -0.451802 -0.980063 -1.202488 2.000000 -3.912023 -3.912023 -3.912023 1.000000 0.000000 0.000000 0.000000
-3.405511 1.947586 3.065472 0.000000 0.000000 0.000000 -0.993964 -1.258095 -1.383209 2.000000 -3.912023 -3.912023 -3.912023 1.000000 0.000000 0.000000 0.000000
-3.359609 2.000317 3.112679 0.000000 0.000000 0.000000 -0.076459 -0.646424 -0.910555 2.000000 -3.912023 -3.912023 -3.912023 1.000000 0.000000 0.000000 0.000000
-3.381725 2.045512 3.135556 0.000000 0.000000 0.000000 -1.216390 -1.383209 -1.466619 2.000000 -3.912023 -3.912023 -3.912023 1.000000 0.000000 0.000000 0.000000
-2.325931 0.764197 3.097755 0.000000 0.000000 0.000000 -0.368392 -0.785440 -1.021768 2.000000 -3.912023 -3.912023 -3.912023 1.000000 0.000000 0.000000 0.000000
-3.050756 0.666263 3.290541 0.000000 0.000000 0.000000 -0.576916 -1.077374 -1.383209 2.000000 -3.912023 -3.912023 -3.912023 1.000000 0.000000 0.000000 0.000000
-2.334229 0.767313 3.104736 0.000000 0.000000 0.000000 -0.312786 -0.785440 -1.049571 2.000000 -3.912023 -3.912023 -3.912023 1.000000 0.000000 0.000000 0.000000
-3.825299 2.110521 3.619924 0.000000 0.000000 0.000000 -0.312786 -0.966161 -1.244193 2.000000 -3.912023 -3.912023 -3.912023 1.000000 0.000000 0.000000 0.000000
-3.867094 2.109215 3.590660 0.000000 0.000000 0.000000 -0.465704 -1.021768 -1.230291 2.000000 -3.912023 -3.912023 -3.912023 1.000000 0.000000 0.000000 0.000000
-2.782540 1.464259 3.057013 0.000000 0.000000 0.000000 -1.563930 -1.633438 -1.661241 2.000000 -3.912023 -3.912023 -3.912023 1.000000 0.000000 0.000000 0.000000
-3.874736 2.096727 3.565359 0.000000 0.000000 0.000000 -0.271081 -0.924456 -1.160784 2.000000 -3.912023 -3.912023 -3.912023 1.000000 0.000000 0.000000 0.000000
-3.920948 2.043515 3.459724 0.000000 0.000000 0.000000 -0.326688 -0.827145 -1.105177 2.000000 -3.912023 -3.912023 -3.912023 1.000000 0.000000 0.000000 0.000000
-3.052092 0.665706 3.291210 0.000000 0.000000 0.000000 -0.632523 -1.146882 -1.424914 2.000000 -3.912023 -3.912023 -3.912023 1.000000 0.000000 0.000000 0.000000
-3.823952 2.195368 3.685310 0.000000 0.000000 0.000000 -1.522225 -1.633438 -1.675143 2.000000 -3.912023 -3.912023 -3.912023 1.000000 0.000000 0.000000 0.000000
-3.856417 2.084652 3.555758 0.000000 0.000000 0.000000 -0.271081 -0.924456 -1.160784 2.000000 -3.912023 -3.912023 -3.912023 1.000000 0.000000 0.000000 0.000000
-3.948952 2.059588 3.471093 0.000000 0.000000 0.000000 -0.187672 -0.771539 -1.091276 2.000000 -3.912023 -3.912023 -3.912023 1.000000 0.000000 0.000000 0.000000
-3.092374 0.626442 3.245335 0.000000 0.000000 0.000000 -0.465704 -1.216390 -1.605635 2.000000 -3.912023 -3.912023 -3.912023 1.000000 0.000000 0.000000 0.000000
-3.051110 0.665790 3.290712 0.000000 0.000000 0.000000 -0.632523 -1.146882 -1.424914 2.000000 -3.912023 -3.912023 -3.912023 1.000000 0.000000 0.000000 0.000000
-2.204586 0.768822 3.083903 0.000000 0.000000 0.000000 -1.508323 -1.619536 -1.661241 2.000000 -3.912023 -3.912023 -3.912023 1.000000 0.000000 0.000000 0.000000
-3.841703 2.162354 3.697421 0.000000 0.000000 0.000000 -0.479605 -1.105177 -1.299799 2.000000 -3.912023 -3.912023 -3.912023 1.000000 0.000000 0.000000 0.000000
-3.865691 2.210705 3.696788 0.000000 0.000000 0.000000 -0.284983 -1.021768 -1.355406 2.000000 -3.912023 -3.912023 -3.912023 1.000000 0.000000 0.000000 0.000000
-3.869691 2.093002 3.563187 0.000000 0.000000 0.000000 -0.271081 -0.924456 -1.160784 2.000000 -3.912023 -3.912023 -3.912023 1.000000 0.000000 0.000000 0.000000
-3.908164 2.220043 3.605816 0.000000 0.000000 0.000000 -1.563930 -1.647339 -1.689044 2.000000 -3.912023 -3.912023 -3.912023 1.000000 0.000000 0.000000 0.000000
-3.073411 0.672389 3.303871 0.000000 0.000000 0.000000 -0.576916 -1.077374 -1.383209 2.000000 -3.912023 -3.912023 -3.912023 1.000000 0.000000 0.000000 0.000000
-2.198796 0.766199 3.080214 0.000000 0.000000 0.000000 -1.508323 -1.619536 -1.661241 2.000000 -3.912023 -3.912023 -3.912023 1.000000 0.000000 0.000000 0.000000
-2.392094 0.772884 3.097808 0.000000 0.000000 0.000000 -0.535212 -1.132980 -1.605635 2.000000 -3.912023 -3.912023 -3.912023 1.000000 0.000000 0.000000 0.000000
-3.844323 2.167688 3.703475 0.000000 0.000000 0.000000 -0.326688 -1.021768 -1.244193 2.000000 -3.912023 -3.912023 -3.912023 1.000000 0.000000 0.000000 0.000000
-3.851764 2.211749 3.704808 0.000000 0.000000 0.000000 -1.466619 -1.550028 -1.591733 2.000000 -3.912023 -3.912023 -3.912023 1.000000 0.000000 0.000000 0.000000
-4.154484 1.963486 3.313185 0.000000 0.000000 0.000000 -0.271081 -0.896653 -1.271996 2.000000 -3.912023 -3.912023 -3.912023 1.000000 0.000000 0.000000 0.000000
-4.051687 2.017387 3.363501 0.000000 0.000000 0.000000 -0.215475 -0.785440 -1.035669 2.000000 -3.912023 -3.912023 -3.912023 1.000000 0.000000 0.000000 0.000000
-4.058524 2.068031 3.332808 0.000000 0.000000 0.000000 -0.215475 -0.771539 -1.021768 2.000000 -3.912023 -3.912023 -3.912023 1.000000 0.000000 0.000000 0.000000
-3.083026 0.673738 3.308438 0.000000 0.000000 0.000000 -0.576916 -1.077374 -1.383209 2.000000 -3.912023 -3.912023 -3.912023 1.000000 0.000000 0.000000 0.000000
-3.178232 1.132312 3.129678 0.000000 0.000000 0.000000 -0.799342 -1.299799 -1.605635 2.000000 -3.912023 -3.912023 -3.912023 1.000000 0.000000 0.000000 0.000000
-3.862826 2.110195 3.594391 0.000000 0.000000 0.000000 -0.257180 -0.952260 -1.202488 2.000000 -3.912023 -3.912023 -3.912023 1.000000 0.000000 0.000000 0.000000
-4.022534 2.002103 3.351854 0.000000 0.000000 0.000000 -0.215475 -0.785440 -1.035669 2.000000 -3.912023 -3.912023 -3.912023 1.000000 0.000000 0.000000 0.000000
-4.158311 2.040000 3.302967 0.000000 0.000000 0.000000 -0.535212 -0.993964 -1.202488 2.000000 -3.912023 -3.912023 -3.912023 1.000000 0.000000 0.000000 0.000000
-2.424525 0.730401 3.042286 0.000000 0.000000 0.000000 -0.632523 -1.174685 -1.522225 2.000000 -3.912023 -3.912023 -3.912023 1.000000 0.000000 0.000000 0.000000
-2.766338 0.831769 3.058322 0.000000 0.000000 0.000000 -0.729834 -1.202488 -1.508323 2.000000 -3.912023 -3.912023 -3.912023 1.000000 0.000000 0.000000 0.000000
-4.493496 1.789593 3.240906 0.000000 0.000000 0.000000 -1.522225 -1.619536 -1.647339 2.000000 -3.912023 -3.912023 -3.912023 1.000000 0.000000 0.000000 0.000000
-3.797131 2.143535 3.682527 0.000000 0.000000 0.000000 -0.396196 -1.091276 -1.313701 2.000000 -3.912023 -3.912023 -3.912023 1.000000 0.000000 0.000000 0.000000
-3.848795 2.205035 3.703026 0.000000 0.000000 0.000000 -1.452717 -1.522225 -1.563930 2.000000 -3.912023 -3.912023 -3.912023 1.000000 0.000000 0.000000 0.000000
-3.900763 2.184250 3.577167 0.000000 0.000000 0.000000 -0.382294 -1.035669 -1.258095 2.000000 -3.912023 -3.912023 -3.912023 1.000000 0.000000 0.000000 0.000000
-4.005121 1.992743 3.340778 0.000000 0.000000 0.000000 -0.132065 -0.715932 -0.980063 2.000000 -3.912023 -3.912023 -3.912023 1.000000 0.000000 0.000000 0.000000
-3.906303 2.215389 3.600837 0.000000 0.000000 0.000000 -1.550028 -1.605635 -1.633438 2.000000 -3.912023 -3.912023 -3.912023 1.000000 0.000000 0.000000 0.000000
-4.137481 2.025912 3.294794 0.000000 0.000000 0.000000 -0.590818 -1.007866 -1.216390 2.000000 -3.912023 -3.912023 -3.912023 1.000000 0.000000 0.000000 0.000000
-4.100969 2.090781 3.351054 0.000000 0.000000 0.000000 -0.159868 -0.729834 -0.993964 2.000000 -3.912023 -3.912023 -3.912023 1.000000 0.000000 0.000000 0.000000
-4.119868 2.128701 3.368760 0.000000 0.000000 0.000000 -1.383209 -1.522225 -1.591733 2.000000 -3.912023 -3.912023 -3.912023 1.000000 0.000000 0.000000 0.000000
-2.753383 0.719262 3.336719 0.000000 0.000000 0.000000 -0.771539 -1.341504 -1.647339 2.000000 -3.912023 -3.912023 -3.912023 1.000000 0.000000 0.000000 0.000000
-2.781043 0.836266 3.069694 0.000000 0.000000 0.000000 -0.715932 -1.230291 -1.550028 2.000000 -3.912023 -3.912023 -3.912023 1.000000 0.000000 0.000000 0.000000
-2.814318 1.010915 3.147380 0.000000 0.000000 0.000000 -0.660326 -1.244193 -1.675143 2.000000 -3.912023 -3.912023 -3.912023 1.000000 0.000000 0.000000 0.000000
-3.930005 2.084019 3.489294 0.000000 0.000000 0.000000 -0.368392 -0.980063 -1.202488 2.000000 -3.912023 -3.912023 -3.912023 1.000000 0.000000 0.000000 0.000000
-3.874668 2.186603 3.587705 0.000000 0.000000 0.000000 -1.355406 -1.397111 -1.424914 2.000000 -3.912023 -3.912023 -3.912023 1.000000 0.000000 0.000000 0.000000
-4.076688 2.031046 3.368819 0.000000 0.000000 0.000000 -0.173770 -0.743736 -1.021768 2.000000 -3.912023 -3.912023 -3.912023 1.000000 0.000000 0.000000 0.000000
-4.096243 2.114959 3.365278 0.000000 0.000000 0.000000 -1.285898 -1.438815 -1.522225 2.000000 -3.912023 -3.912023 -3.912023 1.000000 0.000000 0.000000 0.000000
-4.650764 2.162370 3.797401 0.000000 0.000000 0.000000 -0.410097 -0.938358 -1.132980 2.000000 -3.912023 -3.912023 -3.912023 1.000000 0.000000 0.000000 0.000000
-4.608789 2.282318 3.930402 0.000000 0.000000 0.000000 -1.466619 -1.619536 -1.675143 2.000000 -3.912023 -3.912023 -3.912023 1.000000 0.000000 0.000000 0.000000
-4.715064 2.110827 3.683395 0.000000 0.000000 0.000000 -0.298884 -0.827145 -1.119079 2.000000 -3.912023 -3.912023 -3.912023 1.000000 0.000000 0.000000 0.000000
-3.808495 0.604518 3.588808 0.000000 0.000000 0.000000 -0.660326 -1.271996 -1.522225 2.000000 -3.912023 -3.912023 -3.912023 1.000000 0.000000 0.000000 0.000000
-3.768609 0.651892 3.654127 0.000000 0.000000 0.000000 -0.702031 -1.188587 -1.452717 2.000000 -3.912023 -3.912023 -3.912023 1.000000 0.000000 0.000000 0.000000
-4.603406 2.182459 3.862669 0.000000 0.000000 0.000000 -0.271081 -0.952260 -1.244193 2.000000 -3.912023 -3.912023 -3.912023 1.000000 0.000000 0.000000 0.000000
-4.727925 2.118042 3.686654 0.000000 0.000000 0.000000 -0.298884 -0.827145 -1.119079 2.000000 -3.912023 -3.912023 -3.912023 1.000000 0.000000 0.000000 0.000000
-4.827723 2.058391 3.565085 0.000000 0.000000 0.000000 -0.382294 -0.938358 -1.188587 2.000000 -3.912023 -3.912023 -3.912023 1.000000 0.000000 0.000000 0.000000
-3.810735 0.603812 3.591681 0.000000 0.000000 0.000000 -0.423999 -1.188587 -1.591733 2.000000 -3.912023 -3.912023 -3.912023 1.000000 0.000000 0.000000 0.000000
-3.775897 0.653375 3.657598 0.000000 0.000000 0.000000 -0.535212 -1.035669 -1.355406 2.000000 -3.912023 -3.912023 -3.912023 1.000000 0.000000 0.000000 0.000000
-3.392215 0.797051 3.747762 0.000000 0.000000 0.000000 -0.799342 -1.355406 -1.716847 2.000000 -3.912023 -3.912023 -3.912023 1.000000 0.000000 0.000000 0.000000
-3.032093 0.787610 3.459583 0.000000 0.000000 0.000000 -0.576916 -1.146882 -1.591733 2.000000 -3.912023 -3.912023 -3.912023 1.000000 0.000000 0.000000 0.000000
-4.576241 2.213859 3.926645 0.000000 0.000000 0.000000 -0.535212 -1.132980 -1.327603 2.000000 -3.912023 -3.912023 -3.912023 1.000000 0.000000 0.000000 0.000000
-4.654688 2.164518 3.796527 0.000000 0.000000 0.000000 -0.257180 -0.952260 -1.188587 2.000000 -3.912023 -3.912023 -3.912023 1.000000 0.000000 0.000000 0.000000
-4.683686 2.284811 3.812839 0.000000 0.000000 0.000000 -1.591733 -1.647339 -1.675143 2.000000 -3.912023 -3.912023 -3.912023 1.000000 0.000000 0.000000 0.000000
-4.605095 2.231218 3.939938 0.000000 0.000000 0.000000 -0.410097 -1.063472 -1.271996 2.000000 -3.912023 -3.912023 -3.912023 1.000000 0.000000 0.000000 0.000000
-4.891286 1.977913 3.492300 0.000000 0.000000 0.000000 -0.271081 -0.910555 -1.299799 2.000000 -3.912023 -3.912023 -3.912023 1.000000 0.000000 0.000000 0.000000
-4.879289 2.160145 3.538248 0.000000 0.000000 0.000000 -1.411012 -1.605635 -1.689044 2.000000 -3.912023 -3.912023 -3.912023 1.000000 0.000000 0.000000 0.000000
-3.037515 0.790491 3.461628 0.000000 0.000000 0.000000 -0.479605 -1.132980 -1.689044 2.000000 -3.912023 -3.912023 -3.912023 1.000000 0.000000 0.000000 0.000000
-4.575253 2.217292 3.930456 0.000000 0.000000 0.000000 -0.312786 -0.993964 -1.230291 2.000000 -3.912023 -3.912023 -3.912023 1.000000 0.000000 0.000000 0.000000
-4.595641 2.185742 3.867215 0.000000 0.000000 0.000000 -0.118164 -0.938358 -1.299799 2.000000 -3.912023 -3.912023 -3.912023 1.000000 0.000000 0.000000 0.000000
-4.555334 2.245027 3.913198 0.000000 0.000000 0.000000 -1.508323 -1.619536 -1.661241 2.000000 -3.912023 -3.912023 -3.912023 1.000000 0.000000 0.000000 0.000000
-4.661733 2.276532 3.819682 0.000000 0.000000 0.000000 -1.577831 -1.675143 -1.702946 2.000000 -3.912023 -3.912023 -3.912023 1.000000 0.000000 0.000000 0.000000
-3.770963 0.654340 3.655439 0.000000 0.000000 0.000000 -0.493507 -1.035669 -1.452717 2.000000 -3.912023 -3.912023 -3.912023 1.000000 0.000000 0.000000 0.000000
-3.046453 0.793796 3.465327 0.000000 0.000000 0.000000 -0.479605 -1.132980 -1.689044 2.000000 -3.912023 -3.912023 -3.912023 1.000000 0.000000 0.000000 0.000000
-3.938072 1.160394 3.412141 0.000000 0.000000 0.000000 -0.827145 -1.299799 -1.591733 2.000000 -3.912023 -3.912023 -3.912023 1.000000 0.000000 0.000000 0.000000
-4.586684 2.229570 3.940467 0.000000 0.000000 0.000000 -0.396196 -1.105177 -1.313701 2.000000 -3.912023 -3.912023 -3.912023 1.000000 0.000000 0.000000 0.000000
-4.566420 2.171389 3.857697 0.000000 0.000000 0.000000 -0.132065 -0.924456 -1.271996 2.000000 -3.912023 -3.912023 -3.912023 1.000000 0.000000 0.000000 0.000000
-4.709304 2.275684 3.816664 0.000000 0.000000 0.000000 -0.576916 -0.980063 -1.132980 2.000000 -3.912023 -3.912023 -3.912023 1.000000 0.000000 0.000000 0.000000
-4.962688 2.090088 3.488794 0.000000 0.000000 0.000000 -0.576916 -1.021768 -1.230291 2.000000 -3.912023 -3.912023 -3.912023 1.000000 0.000000 0.000000 0.000000
-3.787795 0.656534 3.660474 0.000000 0.000000 0.000000 -0.632523 -1.146882 -1.494422 2.000000 -3.912023 -3.912023 -3.912023 1.000000 0.000000 0.000000 0.000000
-3.031872 0.790096 3.455943 0.000000 0.000000 0.000000 -0.493507 -1.146882 -1.702946 2.000000 -3.912023 -3.912023 -3.912023 1.000000 0.000000 0.000000 0.000000
-3.512056 0.851807 3.393720 0.000000 0.000000 0.000000 -0.715932 -1.202488 -1.480520 2.000000 -3.912023 -3.912023 -3.912023 1.000000 0.000000 0.000000 0.000000
-3.508414 1.033643 3.458941 0.000000 0.000000 0.000000 -0.368392 -0.987014 -1.341504 3.500000 -4.258597 -4.258597 -4.258597 1.000000 0.000000 0.000000 0.000000
-3.750531 1.054837 3.414722 0.000000 0.000000 0.000000 -0.757637 -1.285898 -1.647339 2.000000 -3.912023 -3.912023 -3.912023 1.000000 0.000000 0.000000 0.000000
-4.562686 2.227842 3.897289 0.000000 0.000000 0.000000 -0.326688 -1.077374 -1.355406 2.000000 -3.912023 -3.912023 -3.912023 1.000000 0.000000 0.000000 0.000000
-4.554705 2.239170 3.913281 0.000000 0.000000 0.000000 -1.383209 -1.466619 -1.508323 2.000000 -3.912023 -3.912023 -3.912023 1.000000 0.000000 0.000000 0.000000
-4.876101 1.966899 3.478546 0.000000 0.000000 0.000000 -0.243278 -0.854948 -1.202488 2.000000 -3.912023 -3.912023 -3.912023 1.000000 0.000000 0.000000 0.000000
-4.686596 2.285842 3.824886 0.000000 0.000000 0.000000 -1.550028 -1.605635 -1.647339 2.000000 -3.912023 -3.912023 -3.912023 1.000000 0.000000 0.000000 0.000000
-4.829958 2.106236 3.517468 0.000000 0.000000 0.000000 -0.145967 -0.702031 -0.952260 2.000000 -3.912023 -3.912023 -3.912023 1.000000 0.000000 0.000000 0.000000
-3.456111 0.706728 3.718060 0.000000 0.000000 0.000000 -0.729834 -1.327603 -1.661241 2.000000 -3.912023 -3.912023 -3.912023 1.000000 0.000000 0.000000 0.000000
-3.422553 0.721932 3.728380 0.000000 0.000000 0.000000 -0.813244 -1.383209 -1.675143 2.000000 -3.912023 -3.912023 -3.912023 1.000000 0.000000 0.000000 0.000000
-3.123325 0.753287 3.419633 0.000000 0.000000 0.000000 -0.590818 -1.174685 -1.591733 2.000000 -3.912023 -3.912023 -3.912023 1.000000 0.000000 0.000000 0.000000
-3.415589 0.763670 3.398662 0.000000 0.000000 0.000000 -0.882752 -1.341504 -1.633438 2.000000 -3.912023 -3.912023 -3.912023 1.000000 0.000000 0.000000 0.000000
-3.484684 0.843168 3.385959 0.000000 0.000000 0.000000 -0.702031 -1.216390 -1.536127 2.000000 -3.912023 -3.912023 -3.912023 1.000000 0.000000 0.000000 0.000000
-3.356725 0.936755 3.460111 0.000000 0.000000 0.000000 -0.688129 -1.271996 -1.716847 2.000000 -3.912023 -3.912023 -3.912023 1.000000 0.000000 0.000000 0.000000
-3.533847 1.042501 3.471457 0.000000 0.000000 0.000000 -0.396196 -1.000915 -1.348455 3.500000 -4.258597 -4.258597 -4.258597 1.000000 0.000000 0.000000 0.000000
-3.799654 1.069368 3.437121 0.000000 0.000000 0.000000 -0.966161 -1.411012 -1.633438 2.000000 -3.912023 -3.912023 -3.912023 1.000000 0.000000 0.000000 0.000000
-3.991031 1.665053 3.708648 0.000000 0.000000 0.000000 -0.785440 -1.383209 -1.716847 2.000000 -3.912023 -3.912023 -3.912023 1.000000 0.000000 0.000000 0.000000
-4.761617 2.217071 3.656271 0.000000 0.000000 0.000000 -1.397111 -1.508323 -1.605635 2.000000 -3.912023 -3.912023 -3.912023 1.000000 0.000000 0.000000 0.000000
-4.812613 2.122271 3.527822 0.000000 0.000000 0.000000 -1.146882 -1.341504 -1.424914 2.000000 -3.912023 -3.912023 -3.912023 1.000000 0.000000 0.000000 0.000000
-3.695721 0.781483 3.813570 0.000000 0.000000 0.000000 -0.298884 -0.729834 -0.980063 2.000000 -3.912023 -3.912023 -3.912023 1.000000 0.000000 0.000000 0.000000
-5.413089 2.203281 4.021418 0.000000 0.000000 0.000000 -0.201573 -0.827145 -1.063472 2.000000 -3.912023 -3.912023 -3.912023 1.000000 0.000000 0.000000 0.000000
-5.519100 2.125930 3.833251 0.000000 0.000000 0.000000 -0.173770 -0.757637 -1.063472 2.000000 -3.912023 -3.912023 -3.912023 1.000000 0.000000 0.000000 0.000000
-4.139488 0.786152 4.110337 0.000000 0.000000 0.000000 -0.813244 -1.355406 -1.661241 2.000000 -3.912023 -3.912023 -3.912023 1.000000 0.000000 0.000000 0.000000
-3.699928 0.783128 3.815445 0.000000 0.000000 0.000000 -0.298884 -0.729834 -0.980063 2.000000 -3.912023 -3.912023 -3.912023 1.000000 0.000000 0.000000 0.000000
-3.769799 0.781140 3.790672 0.000000 0.000000 0.000000 -0.660326 -1.160784 -1.536127 2.000000 -3.912023 -3.912023 -3.912023 1.000000 0.000000 0.000000 0.000000
-5.425278 2.274098 4.128579 0.000000 0.000000 0.000000 -0.451802 -1.077374 -1.271996 2.000000 -3.912023 -3.912023 -3.912023 1.000000 0.000000 0.000000 0.000000
-5.809737 2.028217 3.645685 0.000000 0.000000 0.000000 -0.479605 -1.007866 -1.313701 2.000000 -3.912023 -3.912023 -3.912023 1.000000 0.000000 0.000000 0.000000
-5.508750 2.120361 3.829213 0.000000 0.000000 0.000000 -0.104262 -0.715932 -1.049571 2.000000 -3.912023 -3.912023 -3.912023 1.000000 0.000000 0.000000 0.000000
-5.423010 2.323543 4.111725 0.000000 0.000000 0.000000 -1.452717 -1.619536 -1.675143 2.000000 -3.912023 -3.912023 -3.912023 1.000000 0.000000 0.000000 0.000000
-5.748793 2.115809 3.727066 0.000000 0.000000 0.000000 -0.410097 -0.966161 -1.202488 2.000000 -3.912023 -3.912023 -3.912023 1.000000 0.000000 0.000000 0.000000
-4.326827 0.775641 4.097216 0.000000 0.000000 0.000000 -0.604720 -1.216390 -1.605635 2.000000 -3.912023 -3.912023 -3.912023 1.000000 0.000000 0.000000 0.000000
-5.434083 2.229278 4.050985 0.000000 0.000000 0.000000 -0.271081 -0.924456 -1.188587 2.000000 -3.912023 -3.912023 -3.912023 1.000000 0.000000 0.000000 0.000000
-5.422597 2.205979 4.021651 0.000000 0.000000 0.000000 -0.104262 -0.757637 -1.035669 2.000000 -3.912023 -3.912023 -3.912023 1.000000 0.000000 0.000000 0.000000
-5.427967 2.193039 3.987437 0.000000 0.000000 0.000000 -0.702031 -1.119079 -1.271996 2.000000 -3.912023 -3.912023 -3.912023 1.000000 0.000000 0.000000 0.000000
-5.450357 2.182920 3.959614 0.000000 0.000000 0.000000 -0.243278 -0.938358 -1.188587 2.000000 -3.912023 -3.912023 -3.912023 1.000000 0.000000 0.000000 0.000000
-5.384944 2.299684 4.110312 0.000000 0.000000 0.000000 -1.563930 -1.633438 -1.675143 2.000000 -3.912023 -3.912023 -3.912023 1.000000 0.000000 0.000000 0.000000
-4.540569 0.607559 3.970194 0.000000 0.000000 0.000000 -0.493507 -1.021768 -1.397111 2.000000 -3.912023 -3.912023 -3.912023 1.000000 0.000000 0.000000 0.000000
-4.326167 0.775773 4.097412 0.000000 0.000000 0.000000 -0.674228 -1.244193 -1.577831 2.000000 -3.912023 -3.912023 -3.912023 1.000000 0.000000 0.000000 0.000000
-5.402137 2.214261 4.041590 0.000000 0.000000 0.000000 -0.271081 -0.924456 -1.188587 2.000000 -3.912023 -3.912023 -3.912023 1.000000 0.000000 0.000000 0.000000
-5.441854 2.219216 4.029180 0.000000 0.000000 0.000000 -0.201573 -0.827145 -1.063472 2.000000 -3.912023 -3.912023 -3.912023 1.000000 0.000000 0.000000 0.000000
-5.512861 2.329395 3.990509 0.000000 0.000000 0.000000 -1.563930 -1.675143 -1.716847 2.000000 -3.912023 -3.912023 -3.912023 1.000000 0.000000 0.000000 0.000000
-4.531384 0.607617 3.965709 0.000000 0.000000 0.000000 -0.493507 -1.021768 -1.397111 2.000000 -3.912023 -3.912023 -3.912023 1.000000 0.000000 0.000000 0.000000
-5.375076 2.201237 4.036171 0.000000 0.000000 0.000000 -0.132065 -0.896653 -1.244193 2.000000 -3.912023 -3.912023 -3.912023 1.000000 0.000000 0.000000 0.000000
-5.398779 2.196797 4.012705 0.000000 0.000000 0.000000 -0.062557 -0.729834 -1.021768 2.000000 -3.912023 -3.912023 -3.912023 1.000000 0.000000 0.000000 0.000000
-5.456082 2.212295 3.997831 0.000000 0.000000 0.000000 -0.437900 -1.007866 -1.216390 2.000000 -3.912023 -3.912023 -3.912023 1.000000 0.000000 0.000000 0.000000
-5.442366 2.331847 4.124242 0.000000 0.000000 0.000000 -1.550028 -1.633438 -1.675143 2.000000 -3.912023 -3.912023 -3.912023 1.000000 0.000000 0.000000 0.000000
-5.534117 2.313337 3.975130 0.000000 0.000000 0.000000 -0.479605 -0.938358 -1.105177 2.000000 -3.912023 -3.912023 -3.912023 1.000000 0.000000 0.000000 0.000000
-5.440397 2.289711 3.969655 0.000000 0.000000 0.000000 -1.605635 -1.675143 -1.702946 2.000000 -3.912023 -3.912023 -3.912023 1.000000 0.000000 0.000000 0.000000
-4.599472 0.549732 3.899942 0.000000 0.000000 0.000000 -0.396196 -1.174685 -1.619536 2.000000 -3.912023 -3.912023 -3.912023 1.000000 0.000000 0.000000 0.000000
-4.552296 0.611439 3.975469 0.000000 0.000000 0.000000 -0.549113 -1.049571 -1.424914 2.000000 -3.912023 -3.912023 -3.912023 1.000000 0.000000 0.000000 0.000000
-3.764766 0.780823 3.785187 0.000000 0.000000 0.000000 -0.576916 -1.132980 -1.563930 2.000000 -3.912023 -3.912023 -3.912023 1.000000 0.000000 0.000000 0.000000
-4.753508 1.152123 3.634319 0.000000 0.000000 0.000000 -0.785440 -1.299799 -1.633438 2.000000 -3.912023 -3.912023 -3.912023 1.000000 0.000000 0.000000 0.000000
-4.330681 1.258828 3.848615 0.000000 0.000000 0.000000 -0.688129 -1.285898 -1.563930 2.000000 -3.912023 -3.912023 -3.912023 1.000000 0.000000 0.000000 0.000000
-5.391064 2.195590 4.011343 0.000000 0.000000 0.000000 -0.062557 -0.729834 -1.021768 2.000000 -3.912023 -3.912023 -3.912023 1.000000 0.000000 0.000000 0.000000
-5.435393 2.172661 3.954060 0.000000 0.000000 0.000000 -0.229376 -0.952260 -1.216390 2.000000 -3.912023 -3.912023 -3.912023 1.000000 0.000000 0.000000 0.000000
-5.644246 2.072797 3.695352 0.000000 0.000000 0.000000 -0.145967 -0.729834 -1.007866 2.000000 -3.912023 -3.912023 -3.912023 1.000000 0.000000 0.000000 0.000000
-4.516243 0.615549 3.986976 0.000000 0.000000 0.000000 -0.521310 -1.063472 -1.494422 2.000000 -3.912023 -3.912023 -3.912023 1.000000 0.000000 0.000000 0.000000
-4.107112 0.684538 4.057283 0.000000 0.000000 0.000000 -0.771539 -1.327603 -1.661241 2.000000 -3.912023 -3.912023 -3.912023 1.000000 0.000000 0.000000 0.000000
-4.338561 0.772157 4.100639 0.000000 0.000000 0.000000 -0.632523 -1.258095 -1.661241 2.000000 -3.912023 -3.912023 -3.912023 1.000000 0.000000 0.000000 0.000000
-3.859402 0.730731 3.723900 0.000000 0.000000 0.000000 -0.715932 -1.244193 -1.619536 2.000000 -3.912023 -3.912023 -3.912023 1.000000 0.000000 0.000000 0.000000
-5.445631 2.301696 4.144637 0.000000 0.000000 0.000000 -0.423999 -1.105177 -1.313701 2.000000 -3.912023 -3.912023 -3.912023 1.000000 0.000000 0.000000 0.000000
-5.408371 2.305278 4.112761 0.000000 0.000000 0.000000 -1.438815 -1.536127 -1.577831 2.000000 -3.912023 -3.912023 -3.912023 1.000000 0.000000 0.000000 0.000000
-5.719963 2.108314 3.708655 0.000000 0.000000 0.000000 -0.145967 -0.729834 -0.993964 2.000000 -3.912023 -3.912023 -3.912023 1.000000 0.000000 0.000000 0.000000
-5.436958 2.282141 3.964574 0.000000 0.000000 0.000000 -1.563930 -1.619536 -1.647339 2.000000 -3.912023 -3.912023 -3.912023 1.000000 0.000000 0.000000 0.000000
-5.737988 2.157971 3.662909 0.000000 0.000000 0.000000 -0.159868 -0.715932 -0.980063 2.000000 -3.912023 -3.912023 -3.912023 1.000000 0.000000 0.000000 0.000000
-4.504456 0.534633 3.872043 0.000000 0.000000 0.000000 -0.423999 -1.188587 -1.647339 2.000000 -3.912023 -3.912023 -3.912023 1.000000 0.000000 0.000000 0.000000
-4.202801 0.680208 4.073560 0.000000 0.000000 0.000000 -0.743736 -1.327603 -1.661241 2.000000 -3.912023 -3.912023 -3.912023 1.000000 0.000000 0.000000 0.000000
-4.335763 0.769065 4.099437 0.000000 0.000000 0.000000 -0.632523 -1.258095 -1.647339 2.000000 -3.912023 -3.912023 -3.912023 1.000000 0.000000 0.000000 0.000000
-4.333537 0.839031 3.675674 0.000000 0.000000 0.000000 -0.715932 -1.230291 -1.550028 2.000000 -3.912023 -3.912023 -3.912023 1.000000 0.000000 0.000000 0.000000
-4.311122 1.037202 3.737595 0.000000 0.000000 0.000000 -0.702031 -1.230291 -1.633438 2.000000 -3.912023 -3.912023 -3.912023 1.000000 0.000000 0.000000 0.000000
-4.710775 1.655553 3.909240 0.000000 0.000000 0.000000 -0.785440 -1.383209 -1.702946 2.000000 -3.912023 -3.912023 -3.912023 1.000000 0.000000 0.000000 0.000000
-5.444076 2.294182 4.103346 0.000000 0.000000 0.000000 -0.215475 -0.980063 -1.285898 2.000000 -3.912023 -3.912023 -3.912023 1.000000 0.000000 0.000000 0.000000
-5.463860 2.088949 3.812298 0.000000 0.000000 0.000000 -1.216390 -1.466619 -1.536127 2.000000 -3.912023 -3.912023 -3.912023 1.000000 0.000000 0.000000 0.000000
-5.721706 2.105787 3.711066 0.000000 0.000000 0.000000 -0.243278 -0.799342 -1.063472 2.000000 -3.912023 -3.912023 -3.912023 1.000000 0.000000 0.000000 0.000000
-5.734368 2.179932 3.678403 0.000000 0.000000 0.000000 -1.160784 -1.341504 -1.424914 2.000000 -3.912023 -3.912023 -3.912023 1.000000 0.000000 0.000000 0.000000
-5.645226 2.274353 3.813287 0.000000 0.000000 0.000000 -1.313701 -1.438815 -1.536127 2.000000 -3.912023 -3.912023 -3.912023 1.000000 0.000000 0.000000 0.000000
-6.332440 2.216098 4.111775 0.000000 0.000000 0.000000 -0.451802 -1.021768 -1.216390 2.000000 -3.912023 -3.912023 -3.912023 1.000000 0.000000 0.000000 0.000000
-6.316899 2.188272 4.074360 0.000000 0.000000 0.000000 -0.368392 -0.938358 -1.146882 2.000000 -3.912023 -3.912023 -3.912023 1.000000 0.000000 0.000000 0.000000
-6.247842 2.319417 4.222809 0.000000 0.000000 0.000000 -1.522225 -1.633438 -1.661241 2.000000 -3.912023 -3.912023 -3.912023 1.000000 0.000000 0.000000 0.000000
-5.334567 0.383874 4.154151 0.000000 0.000000 0.000000 -0.090360 -0.868850 -1.327603 2.000000 -3.912023 -3.912023 -3.912023 1.000000 0.000000 0.000000 0.000000
-6.330712 2.217568 4.111854 0.000000 0.000000 0.000000 -0.368392 -0.980063 -1.202488 2.000000 -3.912023 -3.912023 -3.912023 1.000000 0.000000 0.000000 0.000000
-5.407608 0.538218 4.247448 0.000000 0.000000 0.000000 -0.576916 -1.063472 -1.452717 2.000000 -3.912023 -3.912023 -3.912023 1.000000 0.000000 0.000000 0.000000
-5.147389 0.726434 4.396814 0.000000 0.000000 0.000000 -0.646424 -1.230291 -1.577831 2.000000 -3.912023 -3.912023 -3.912023 1.000000 0.000000 0.000000 0.000000
-6.704512 2.010695 3.707851 0.000000 0.000000 0.000000 -1.014817 -1.299799 -1.466619 3.500000 -4.258597 -4.258597 -4.258597 1.000000 0.000000 0.000000 0.000000
-6.280710 2.292395 4.253232 0.000000 0.000000 0.000000 -0.340589 -0.993964 -1.202488 2.000000 -3.912023 -3.912023 -3.912023 1.000000 0.000000 0.000000 0.000000
-6.325875 2.234209 4.147655 0.000000 0.000000 0.000000 -0.104262 -0.743736 -1.021768 2.000000 -3.912023 -3.912023 -3.912023 1.000000 0.000000 0.000000 0.000000
-6.312262 2.247366 4.173078 0.000000 0.000000 0.000000 -0.187672 -0.868850 -1.174685 2.000000 -3.912023 -3.912023 -3.912023 1.000000 0.000000 0.000000 0.000000
-6.374783 2.238404 4.119382 0.000000 0.000000 0.000000 -0.368392 -0.980063 -1.202488 2.000000 -3.912023 -3.912023 -3.912023 1.000000 0.000000 0.000000 0.000000
-6.257498 2.309858 4.254041 0.000000 0.000000 0.000000 -0.368392 -1.007866 -1.230291 2.000000 -3.912023 -3.912023 -3.912023 1.000000 0.000000 0.000000 0.000000
-6.274059 2.313255 4.218876 0.000000 0.000000 0.000000 -0.271081 -0.980063 -1.285898 2.000000 -3.912023 -3.912023 -3.912023 1.000000 0.000000 0.000000 0.000000
-6.298771 2.343742 4.246976 0.000000 0.000000 0.000000 -1.619536 -1.689044 -1.716847 2.000000 -3.912023 -3.912023 -3.912023 1.000000 0.000000 0.000000 0.000000
-6.282362 2.334629 4.231184 0.000000 0.000000 0.000000 -1.480520 -1.633438 -1.675143 2.000000 -3.912023 -3.912023 -3.912023 1.000000 0.000000 0.000000 0.000000
-5.372435 0.531969 4.236049 0.000000 0.000000 0.000000 -0.549113 -1.063472 -1.397111 2.000000 -3.912023 -3.912023 -3.912023 1.000000 0.000000 0.000000 0.000000
-6.281097 2.213421 4.139131 0.000000 0.000000 0.000000 -0.201573 -0.813244 -1.077374 2.000000 -3.912023 -3.912023 -3.912023 1.000000 0.000000 0.000000 0.000000
-6.306205 2.206272 4.108377 0.000000 0.000000 0.000000 -0.368392 -0.980063 -1.202488 2.000000 -3.912023 -3.912023 -3.912023 1.000000 0.000000 0.000000 0.000000
-6.211205 2.279821 4.205280 0.000000 0.000000 0.000000 -0.271081 -0.993964 -1.299799 2.000000 -3.912023 -3.912023 -3.912023 1.000000 0.000000 0.000000 0.000000
-6.365598 2.298488 4.062047 0.000000 0.000000 0.000000 -0.354491 -0.896653 -1.077374 2.000000 -3.912023 -3.912023 -3.912023 1.000000 0.000000 0.000000 0.000000
-5.414919 0.539032 4.248796 0.000000 0.000000 0.000000 -0.507408 -1.021768 -1.397111 2.000000 -3.912023 -3.912023 -3.912023 1.000000 0.000000 0.000000 0.000000
-5.525779 0.641392 4.265003 0.000000 0.000000 0.000000 -0.632523 -1.244193 -1.577831 2.000000 -3.912023 -3.912023 -3.912023 1.000000 0.000000 0.000000 0.000000
-4.588617 0.747781 4.062976 0.000000 0.000000 0.000000 -0.507408 -1.119079 -1.661241 2.000000 -3.912023 -3.912023 -3.912023 1.000000 0.000000 0.000000 0.000000
-5.192739 1.255413 4.063035 0.000000 0.000000 0.000000 -0.715932 -1.285898 -1.563930 2.000000 -3.912023 -3.912023 -3.912023 1.000000 0.000000 0.000000 0.000000
-6.445663 2.149755 3.933096 0.000000 0.000000 0.000000 -0.104262 -0.688129 -0.993964 2.000000 -3.912023 -3.912023 -3.912023 1.000000 0.000000 0.000000 0.000000
-6.364311 2.328039 4.084204 0.000000 0.000000 0.000000 -1.577831 -1.689044 -1.716847 2.000000 -3.912023 -3.912023 -3.912023 1.000000 0.000000 0.000000 0.000000
-5.618135 1.108096 3.786084 0.000000 0.000000 0.000000 -0.785440 -1.299799 -1.633438 2.000000 -3.912023 -3.912023 -3.912023 1.000000 0.000000 0.000000 0.000000
-6.248139 2.287893 4.213338 0.000000 0.000000 0.000000 -0.187672 -0.924456 -1.230291 2.000000 -3.912023 -3.912023 -3.912023 1.000000 0.000000 0.000000 0.000000
-6.684963 2.204354 3.745620 0.000000 0.000000 0.000000 -1.244193 -1.411012 -1.508323 2.000000 -3.912023 -3.912023 -3.912023 1.000000 0.000000 0.000000 0.000000
-5.347712 0.542430 4.258102 0.000000 0.000000 0.000000 -0.507408 -1.063472 -1.508323 2.000000 -3.912023 -3.912023 -3.912023 1.000000 0.000000 0.000000 0.000000
-4.980068 0.645585 4.399216 0.000000 0.000000 0.000000 -0.646424 -1.271996 -1.661241 2.000000 -3.912023 -3.912023 -3.912023 1.000000 0.000000 0.000000 0.000000
-5.219093 1.260729 4.067070 0.000000 0.000000 0.000000 -0.632523 -1.244193 -1.591733 2.000000 -3.912023 -3.912023 -3.912023 1.000000 0.000000 0.000000 0.000000
-6.279221 2.198132 4.102214 0.000000 0.000000 0.000000 -0.451802 -1.021768 -1.230291 2.000000 -3.912023 -3.912023 -3.912023 1.000000 0.000000 0.000000 0.000000
-6.377841 2.121053 3.914241 0.000000 0.000000 0.000000 -0.423999 -0.938358 -1.202488 2.000000 -3.912023 -3.912023 -3.912023 1.000000 0.000000 0.000000 0.000000
-6.218715 2.295414 4.220449 0.000000 0.000000 0.000000 -1.424914 -1.577831 -1.619536 2.000000 -3.912023 -3.912023 -3.912023 1.000000 0.000000 0.000000 0.000000
-6.788344 2.108960 3.642389 0.000000 0.000000 0.000000 -1.522225 -1.675143 -1.716847 2.000000 -3.912023 -3.912023 -3.912023 1.000000 0.000000 0.000000 0.000000
-6.642421 2.154034 3.725988 0.000000 0.000000 0.000000 -0.201573 -0.757637 -1.021768 2.000000 -3.912023 -3.912023 -3.912023 1.000000 0.000000 0.000000 0.000000
-6.625359 2.180942 3.735327 0.000000 0.000000 0.000000 -1.438815 -1.563930 -1.633438 2.000000 -3.912023 -3.912023 -3.912023 1.000000 0.000000 0.000000 0.000000
-4.596143 0.749880 4.060528 0.000000 0.000000 0.000000 -0.576916 -1.188587 -1.675143 2.000000 -3.912023 -3.912023 -3.912023 1.000000 0.000000 0.000000 0.000000
-6.732426 2.007407 3.697851 0.000000 0.000000 0.000000 -0.465704 -1.063472 -1.397111 2.000000 -3.912023 -3.912023 -3.912023 1.000000 0.000000 0.000000 0.000000
-6.800616 2.104526 3.646853 0.000000 0.000000 0.000000 -1.452717 -1.591733 -1.633438 2.000000 -3.912023 -3.912023 -3.912023 1.000000 0.000000 0.000000 0.000000
-6.315378 2.256357 4.050997 0.000000 0.000000 0.000000 -0.354491 -0.993964 -1.216390 2.000000 -3.912023 -3.912023 -3.912023 1.000000 0.000000 0.000000 0.000000
-6.728248 2.220436 3.755862 0.000000 0.000000 0.000000 -1.216390 -1.383209 -1.466619 2.000000 -3.912023 -3.912023 -3.912023 1.000000 0.000000 0.000000 0.000000
-6.394401 2.209175 3.865172 0.000000 0.000000 0.000000 -1.299799 -1.452717 -1.563930 2.000000 -3.912023 -3.912023 -3.912023 1.000000 0.000000 0.000000 0.000000
-7.236217 2.193976 4.152851 0.000000 0.000000 0.000000 -0.549113 -1.049571 -1.244193 2.000000 -3.912023 -3.912023 -3.912023 1.000000 0.000000 0.000000 0.000000
-7.270078 2.187118 4.118814 0.000000 0.000000 0.000000 -0.396196 -0.980063 -1.188587 2.000000 -3.912023 -3.912023 -3.912023 1.000000 0.000000 0.000000 0.000000
-7.349038 2.115885 3.954677 0.000000 0.000000 0.000000 -0.173770 -0.715932 -1.021768 2.000000 -3.912023 -3.912023 -3.912023 1.000000 0.000000 0.000000 0.000000
-7.180117 2.322426 4.279151 0.000000 0.000000 0.000000 -1.508323 -1.633438 -1.661241 2.000000 -3.912023 -3.912023 -3.912023 1.000000 0.000000 0.000000 0.000000
-6.278903 0.425072 4.449645 0.000000 0.000000 0.000000 -0.563015 -1.077374 -1.383209 2.000000 -3.912023 -3.912023 -3.912023 1.000000 0.000000 0.000000 0.000000
-5.375632 0.685623 4.316730 0.000000 0.000000 0.000000 -0.284983 -0.715932 -0.980063 2.000000 -3.912023 -3.912023 -3.912023 1.000000 0.000000 0.000000 0.000000
-7.564365 1.941759 3.694763 0.000000 0.000000 0.000000 -1.049571 -1.320652 -1.466619 3.500000 -4.258597 -4.258597 -4.258597 1.000000 0.000000 0.000000 0.000000
-7.262680 2.185021 4.118163 0.000000 0.000000 0.000000 -0.298884 -0.924456 -1.146882 2.000000 -3.912023 -3.912023 -3.912023 1.000000 0.000000 0.000000 0.000000
-6.525445 0.423873 4.261710 0.000000 0.000000 0.000000 -0.827145 -1.313701 -1.647339 2.000000 -3.912023 -3.912023 -3.912023 1.000000 0.000000 0.000000 0.000000
-5.361618 0.682686 4.312668 0.000000 0.000000 0.000000 -0.535212 -1.063472 -1.327603 2.000000 -3.912023 -3.912023 -3.912023 1.000000 0.000000 0.000000 0.000000
-7.166767 2.188418 4.182660 0.000000 0.000000 0.000000 -0.090360 -0.743736 -1.035669 2.000000 -3.912023 -3.912023 -3.912023 1.000000 0.000000 0.000000 0.000000
-7.284095 2.193505 4.117078 0.000000 0.000000 0.000000 -0.229376 -0.938358 -1.188587 2.000000 -3.912023 -3.912023 -3.912023 1.000000 0.000000 0.000000 0.000000
-7.208547 2.185379 4.148757 0.000000 0.000000 0.000000 -0.563015 -1.063472 -1.258095 2.000000 -3.912023 -3.912023 -3.912023 1.000000 0.000000 0.000000 0.000000
-7.365055 2.124208 3.953376 0.000000 0.000000 0.000000 -0.243278 -0.757637 -1.021768 2.000000 -3.912023 -3.912023 -3.912023 1.000000 0.000000 0.000000 0.000000
-6.312683 0.431910 4.456575 0.000000 0.000000 0.000000 -1.021768 -1.306750 -1.515274 3.500000 -4.258597 -4.258597 -4.258597 1.000000 0.000000 0.000000 0.000000
-6.045096 0.650824 4.643087 0.000000 0.000000 0.000000 -0.576916 -1.202488 -1.605635 2.000000 -3.912023 -3.912023 -3.912023 1.000000 0.000000 0.000000 0.000000
-7.228885 2.215156 4.192073 0.000000 0.000000 0.000000 -0.187672 -0.799342 -1.063472 2.000000 -3.912023 -3.912023 -3.912023 1.000000 0.000000 0.000000 0.000000
-7.158936 2.309984 4.290742 0.000000 0.000000 0.000000 -1.591733 -1.647339 -1.689044 2.000000 -3.912023 -3.912023 -3.912023 1.000000 0.000000 0.000000 0.000000
-5.345185 0.602885 4.633799 0.000000 0.000000 0.000000 -1.536127 -1.591733 -1.619536 2.000000 -3.912023 -3.912023 -3.912023 1.000000 0.000000 0.000000 0.000000
-7.215176 2.191618 4.151311 0.000000 0.000000 0.000000 -0.451802 -1.021768 -1.230291 2.000000 -3.912023 -3.912023 -3.912023 1.000000 0.000000 0.000000 0.000000
-7.367486 2.123805 3.951964 0.000000 0.000000 0.000000 -0.159868 -0.715932 -1.007866 2.000000 -3.912023 -3.912023 -3.912023 1.000000 0.000000 0.000000 0.000000
-6.214694 0.434137 4.468326 0.000000 0.000000 0.000000 -0.590818 -1.091276 -1.466619 2.000000 -3.912023 -3.912023 -3.912023 1.000000 0.000000 0.000000 0.000000
-5.784258 0.552797 4.639184 0.000000 0.000000 0.000000 -0.715932 -1.299799 -1.661241 2.000000 -3.912023 -3.912023 -3.912023 1.000000 0.000000 0.000000 0.000000
-5.960410 0.630724 4.621984 0.000000 0.000000 0.000000 -0.604720 -1.230291 -1.633438 2.000000 -3.912023 -3.912023 -3.912023 1.000000 0.000000 0.000000 0.000000
-6.453814 0.955633 3.943648 0.000000 0.000000 0.000000 -0.757637 -1.327603 -1.675143 2.000000 -3.912023 -3.912023 -3.912023 1.000000 0.000000 0.000000 0.000000
-7.513186 1.912743 3.686422 0.000000 0.000000 0.000000 -0.952260 -1.306750 -1.466619 3.500000 -4.258597 -4.258597 -4.258597 1.000000 0.000000 0.000000 0.000000
-7.550893 2.108867 3.718955 0.000000 0.000000 0.000000 -0.173770 -0.743736 -1.007866 2.000000 -3.912023 -3.912023 -3.912023 1.000000 0.000000 0.000000 0.000000
-7.580945 2.154774 3.728724 0.000000 0.000000 0.000000 -1.299799 -1.452717 -1.550028 2.000000 -3.912023 -3.912023 -3.912023 1.000000 0.000000 0.000000 0.000000
-5.786063 0.553944 4.638084 0.000000 0.000000 0.000000 -0.702031 -1.313701 -1.702946 2.000000 -3.912023 -3.912023 -3.912023 1.000000 0.000000 0.000000 0.000000
-5.955576 0.626406 4.619884 0.000000 0.000000 0.000000 -0.604720 -1.258095 -1.647339 2.000000 -3.912023 -3.912023 -3.912023 1.000000 0.000000 0.000000 0.000000
-6.105324 0.952582 4.071201 0.000000 0.000000 0.000000 -0.688129 -1.258095 -1.675143 2.000000 -3.912023 -3.912023 -3.912023 1.000000 0.000000 0.000000 0.000000
-6.050492 1.196073 4.189270 0.000000 0.000000 0.000000 -0.674228 -1.285898 -1.647339 2.000000 -3.912023 -3.912023 -3.912023 1.000000 0.000000 0.000000 0.000000
-7.791980 2.089093 3.621139 0.000000 0.000000 0.000000 -1.466619 -1.647339 -1.702946 2.000000 -3.912023 -3.912023 -3.912023 1.000000 0.000000 0.000000 0.000000
-7.651619 2.147892 3.716833 0.000000 0.000000 0.000000 -0.187672 -0.743736 -1.007866 2.000000 -3.912023 -3.912023 -3.912023 1.000000 0.000000 0.000000 0.000000
-6.236595 0.440546 4.475194 0.000000 0.000000 0.000000 -0.521310 -1.077374 -1.522225 2.000000 -3.912023 -3.912023 -3.912023 1.000000 0.000000 0.000000 0.000000
-5.608548 0.610938 4.172013 0.000000 0.000000 0.000000 -0.660326 -1.216390 -1.675143 2.000000 -3.912023 -3.912023 -3.912023 1.000000 0.000000 0.000000 0.000000
-5.487092 0.684340 4.265717 0.000000 0.000000 0.000000 -0.521310 -1.160784 -1.675143 2.000000 -3.912023 -3.912023 -3.912023 1.000000 0.000000 0.000000 0.000000
-7.486436 1.893394 3.678331 0.000000 0.000000 0.000000 -0.674228 -1.119079 -1.369307 2.000000 -3.912023 -3.912023 -3.912023 1.000000 0.000000 0.000000 0.000000
-7.640021 2.128161 3.728719 0.000000 0.000000 0.000000 -0.312786 -0.882752 -1.132980 2.000000 -3.912023 -3.912023 -3.912023 1.000000 0.000000 0.000000 0.000000
-7.248227 2.247725 4.084001 0.000000 0.000000 0.000000 -0.368392 -1.021768 -1.244193 2.000000 -3.912023 -3.912023 -3.912023 1.000000 0.000000 0.000000 0.000000
-7.537461 2.133108 3.733835 0.000000 0.000000 0.000000 -1.146882 -1.341504 -1.438815 2.000000 -3.912023 -3.912023 -3.912023 1.000000 0.000000 0.000000 0.000000
-7.272985 2.296715 4.104892 0.000000 0.000000 0.000000 -1.424914 -1.466619 -1.494422 2.000000 -3.912023 -3.912023 -3.912023 1.000000 0.000000 0.000000 0.000000
-7.487849 2.257063 3.886498 0.000000 0.000000 0.000000 -1.188587 -1.327603 -1.424914 2.000000 -3.912023 -3.912023 -3.912023 1.000000 0.000000 0.000000 0.000000
-7.530197 0.306170 4.342915 0.000000 0.000000 0.000000 -0.813244 -1.313701 -1.647339 2.000000 -3.912023 -3.912023 -3.912023 1.000000 0.000000 0.000000 0.000000
-7.574893 0.319777 4.292190 0.000000 0.000000 0.000000 -0.813244 -1.285898 -1.675143 2.000000 -3.912023 -3.912023 -3.912023 1.000000 0.000000 0.000000 0.000000
-8.356130 2.087048 3.894919 0.000000 0.000000 0.000000 -0.284983 -0.785440 -1.035669 2.000000 -3.912023 -3.912023 -3.912023 1.000000 0.000000 0.000000 0.000000
-6.952097 0.541793 4.819617 0.000000 0.000000 0.000000 -0.813244 -1.313701 -1.619536 2.000000 -3.912023 -3.912023 -3.912023 1.000000 0.000000 0.000000 0.000000
-7.033244 1.378055 4.529541 0.000000 0.000000 0.000000 -0.563015 -1.049571 -1.271996 2.000000 -3.912023 -3.912023 -3.912023 1.000000 0.000000 0.000000 0.000000
-8.253360 2.160457 4.079656 0.000000 0.000000 0.000000 -0.368392 -0.938358 -1.146882 2.000000 -3.912023 -3.912023 -3.912023 1.000000 0.000000 0.000000 0.000000
-7.231523 0.293133 4.593929 0.000000 0.000000 0.000000 -0.521310 -1.035669 -1.452717 2.000000 -3.912023 -3.912023 -3.912023 1.000000 0.000000 0.000000 0.000000
-7.502032 0.307319 4.346687 0.000000 0.000000 0.000000 -0.841047 -1.327603 -1.619536 2.000000 -3.912023 -3.912023 -3.912023 1.000000 0.000000 0.000000 0.000000
-7.578996 0.320602 4.338540 0.000000 0.000000 0.000000 -0.841047 -1.383209 -1.702946 2.000000 -3.912023 -3.912023 -3.912023 1.000000 0.000000 0.000000 0.000000
-6.947345 0.540017 4.814798 0.000000 0.000000 0.000000 -0.674228 -1.258095 -1.619536 2.000000 -3.912023 -3.912023 -3.912023 1.000000 0.000000 0.000000 0.000000
-8.335013 2.079890 3.892292 0.000000 0.000000 0.000000 -0.215475 -0.743736 -1.021768 2.000000 -3.912023 -3.912023 -3.912023 1.000000 0.000000 0.000000 0.000000
-8.220745 2.148440 4.074643 0.000000 0.000000 0.000000 -0.201573 -0.882752 -1.132980 2.000000 -3.912023 -3.912023 -3.912023 1.000000 0.000000 0.000000 0.000000
-7.192983 0.287506 4.588653 0.000000 0.000000 0.000000 -0.618621 -1.132980 -1.424914 2.000000 -3.912023 -3.912023 -3.912023 1.000000 0.000000 0.000000 0.000000
-7.505136 0.279989 4.362842 0.000000 0.000000 0.000000 -0.868850 -1.355406 -1.675143 2.000000 -3.912023 -3.912023 -3.912023 1.000000 0.000000 0.000000 0.000000
-7.544632 0.312284 4.346731 0.000000 0.000000 0.000000 -0.966161 -1.466619 -1.702946 2.000000 -3.912023 -3.912023 -3.912023 1.000000 0.000000 0.000000 0.000000
-8.142104 2.276332 4.248602 0.000000 0.000000 0.000000 -0.354491 -0.993964 -1.258095 2.000000 -3.912023 -3.912023 -3.912023 1.000000 0.000000 0.000000 0.000000
-8.123639 2.285542 4.256925 0.000000 0.000000 0.000000 -1.424914 -1.605635 -1.675143 2.000000 -3.912023 -3.912023 -3.912023 1.000000 0.000000 0.000000 0.000000
-7.234000 0.290541 4.592431 0.000000 0.000000 0.000000 -0.618621 -1.132980 -1.438815 2.000000 -3.912023 -3.912023 -3.912023 1.000000 0.000000 0.000000 0.000000
-6.701499 0.440284 4.838782 0.000000 0.000000 0.000000 -1.098226 -1.459668 -1.654290 3.500000 -4.258597 -4.258597 -4.258597 1.000000 0.000000 0.000000 0.000000
-7.514041 0.307670 4.343847 0.000000 0.000000 0.000000 -0.966161 -1.452717 -1.716847 2.000000 -3.912023 -3.912023 -3.912023 1.000000 0.000000 0.000000 0.000000
-8.345334 2.081604 3.890977 0.000000 0.000000 0.000000 -0.298884 -0.827145 -1.119079 2.000000 -3.912023 -3.912023 -3.912023 1.000000 0.000000 0.000000 0.000000
-8.665061 2.067318 3.565365 0.000000 0.000000 0.000000 -1.424914 -1.647339 -1.702946 2.000000 -3.912023 -3.912023 -3.912023 1.000000 0.000000 0.000000 0.000000
-8.138604 2.290210 4.261848 0.000000 0.000000 0.000000 -1.508323 -1.633438 -1.675143 2.000000 -3.912023 -3.912023 -3.912023 1.000000 0.000000 0.000000 0.000000
-8.212124 2.268284 4.065333 0.000000 0.000000 0.000000 -1.563930 -1.675143 -1.702946 2.000000 -3.912023 -3.912023 -3.912023 1.000000 0.000000 0.000000 0.000000
-7.192079 0.286382 4.587677 0.000000 0.000000 0.000000 -0.618621 -1.132980 -1.438815 2.000000 -3.912023 -3.912023 -3.912023 1.000000 0.000000 0.000000 0.000000
-7.237742 0.308489 4.630787 0.000000 0.000000 0.000000 -0.549113 -1.077374 -1.480520 2.000000 -3.912023 -3.912023 -3.912023 1.000000 0.000000 0.000000 0.000000
-7.520174 0.306961 4.343068 0.000000 0.000000 0.000000 -0.966161 -1.452717 -1.716847 2.000000 -3.912023 -3.912023 -3.912023 1.000000 0.000000 0.000000 0.000000
-7.179952 0.513031 4.723669 0.000000 0.000000 0.000000 -1.146882 -1.466619 -1.591733 2.000000 -3.912023 -3.912023 -3.912023 1.000000 0.000000 0.000000 0.000000
-6.599509 0.482892 4.229847 0.000000 0.000000 0.000000 -0.785440 -1.341504 -1.661241 2.000000 -3.912023 -3.912023 -3.912023 1.000000 0.000000 0.000000 0.000000
-7.001087 1.132737 4.250653 0.000000 0.000000 0.000000 -0.674228 -1.271996 -1.550028 2.000000 -3.912023 -3.912023 -3.912023 1.000000 0.000000 0.000000 0.000000
-8.173368 2.130150 4.076131 0.000000 0.000000 0.000000 -0.201573 -0.882752 -1.132980 2.000000 -3.912023 -3.912023 -3.912023 1.000000 0.000000 0.000000 0.000000
-8.611709 2.085268 3.621629 0.000000 0.000000 0.000000 -0.187672 -0.743736 -1.021768 2.000000 -3.912023 -3.912023 -3.912023 1.000000 0.000000 0.000000 0.000000
-7.174347 0.301783 4.619521 0.000000 0.000000 0.000000 -0.604720 -1.105177 -1.480520 2.000000 -3.912023 -3.912023 -3.912023 1.000000 0.000000 0.000000 0.000000
-6.908013 0.522583 4.804928 0.000000 0.000000 0.000000 -0.618621 -1.244193 -1.647339 2.000000 -3.912023 -3.912023 -3.912023 1.000000 0.000000 0.000000 0.000000
-6.575145 0.501828 4.269572 0.000000 0.000000 0.000000 -0.660326 -1.216390 -1.633438 2.000000 -3.912023 -3.912023 -3.912023 1.000000 0.000000 0.000000 0.000000
-6.942783 0.460337 4.091556 0.000000 0.000000 0.000000 -0.729834 -1.230291 -1.591733 2.000000 -3.912023 -3.912023 -3.912023 1.000000 0.000000 0.000000 0.000000
-6.842507 0.735884 4.196930 0.000000 0.000000 0.000000 -0.660326 -1.216390 -1.675143 2.000000 -3.912023 -3.912023 -3.912023 1.000000 0.000000 0.000000 0.000000
-7.034973 0.849597 4.113489 0.000000 0.000000 0.000000 -0.674228 -1.244193 -1.675143 2.000000 -3.912023 -3.912023 -3.912023 1.000000 0.000000 0.000000 0.000000
-7.004395 1.129625 4.243190 0.000000 0.000000 0.000000 -0.702031 -1.258095 -1.563930 2.000000 -3.912023 -3.912023 -3.912023 1.000000 0.000000 0.000000 0.000000
-8.740126 2.008276 3.515971 0.000000 0.000000 0.000000 -1.550028 -1.689044 -1.716847 2.000000 -3.912023 -3.912023 -3.912023 1.000000 0.000000 0.000000 0.000000
-8.347686 2.117687 3.932588 0.000000 0.000000 0.000000 -0.396196 -1.021768 -1.244193 2.000000 -3.912023 -3.912023 -3.912023 1.000000 0.000000 0.000000 0.000000
-8.609582 2.080947 3.620625 0.000000 0.000000 0.000000 -0.229376 -0.785440 -1.063472 2.000000 -3.912023 -3.912023 -3.912023 1.000000 0.000000 0.000000 0.000000
-8.513399 2.085917 3.634706 0.000000 0.000000 0.000000 -1.299799 -1.536127 -1.647339 2.000000 -3.912023 -3.912023 -3.912023 1.000000 0.000000 0.000000 0.000000
-7.172216 0.302889 4.623596 0.000000 0.000000 0.000000 -0.674228 -1.146882 -1.480520 2.000000 -3.912023 -3.912023 -3.912023 1.000000 0.000000 0.000000 0.000000
-6.541268 0.496317 4.268669 0.000000 0.000000 0.000000 -0.660326 -1.216390 -1.633438 2.000000 -3.912023 -3.912023 -3.912023 1.000000 0.000000 0.000000 0.000000
-7.370286 1.573494 4.196770 0.000000 0.000000 0.000000 -0.757637 -1.383209 -1.702946 2.000000 -3.912023 -3.912023 -3.912023 1.000000 0.000000 0.000000 0.000000
-8.562418 0.149369 4.348263 0.000000 0.000000 0.000000 -0.841047 -1.383209 -1.716847 2.000000 -3.912023 -3.912023 -3.912023 1.000000 0.000000 0.000000 0.000000
-8.580389 0.147176 4.296542 0.000000 0.000000 0.000000 -0.729834 -1.244193 -1.626487 3.500000 -4.258597 -4.258597 -4.258597 1.000000 0.000000 0.000000 0.000000
-7.262547 0.460878 4.503245 0.000000 0.000000 0.000000 -0.271081 -0.702031 -0.966161 2.000000 -3.912023 -3.912023 -3.912023 1.000000 0.000000 0.000000 0.000000
-9.203882 2.086637 3.953394 0.000000 0.000000 0.000000 -0.298884 -0.896653 -1.119079 2.000000 -3.912023 -3.912023 -3.912023 1.000000 0.000000 0.000000 0.000000
-8.567416 0.142657 4.365529 0.000000 0.000000 0.000000 -0.952260 -1.438815 -1.702946 2.000000 -3.912023 -3.912023 -3.912023 1.000000 0.000000 0.000000 0.000000
-9.189448 2.081929 3.954460 0.000000 0.000000 0.000000 -0.298884 -0.896653 -1.119079 2.000000 -3.912023 -3.912023 -3.912023 1.000000 0.000000 0.000000 0.000000
-9.616323 2.042454 3.434451 0.000000 0.000000 0.000000 -1.244193 -1.466619 -1.550028 2.000000 -3.912023 -3.912023 -3.912023 1.000000 0.000000 0.000000 0.000000
-8.297064 0.027655 4.508673 0.000000 0.000000 0.000000 -0.465704 -1.202488 -1.577831 2.000000 -3.912023 -3.912023 -3.912023 1.000000 0.000000 0.000000 0.000000
-8.224043 0.128384 4.662519 0.000000 0.000000 0.000000 -0.507408 -1.021768 -1.397111 2.000000 -3.912023 -3.912023 -3.912023 1.000000 0.000000 0.000000 0.000000
-8.548818 0.145730 4.350567 0.000000 0.000000 0.000000 -0.827145 -1.355406 -1.689044 2.000000 -3.912023 -3.912023 -3.912023 1.000000 0.000000 0.000000 0.000000
-7.379481 0.446833 4.421472 0.000000 0.000000 0.000000 -0.604720 -1.160784 -1.577831 2.000000 -3.912023 -3.912023 -3.912023 1.000000 0.000000 0.000000 0.000000
-9.291771 2.025982 3.789455 0.000000 0.000000 0.000000 -0.396196 -0.966161 -1.174685 2.000000 -3.912023 -3.912023 -3.912023 1.000000 0.000000 0.000000 0.000000
-8.225396 0.124408 4.661323 0.000000 0.000000 0.000000 -0.563015 -1.077374 -1.424914 2.000000 -3.912023 -3.912023 -3.912023 1.000000 0.000000 0.000000 0.000000
-8.458575 0.100084 4.381790 0.000000 0.000000 0.000000 -0.827145 -1.299799 -1.647339 2.000000 -3.912023 -3.912023 -3.912023 1.000000 0.000000 0.000000 0.000000
-7.957347 0.298620 4.050179 0.000000 0.000000 0.000000 -0.785440 -1.244193 -1.577831 2.000000 -3.912023 -3.912023 -3.912023 1.000000 0.000000 0.000000 0.000000
-9.332347 2.257237 3.897907 0.000000 0.000000 0.000000 -1.605635 -1.647339 -1.675143 2.000000 -3.912023 -3.912023 -3.912023 1.000000 0.000000 0.000000 0.000000
-8.268953 0.027105 4.509004 0.000000 0.000000 0.000000 -0.521310 -1.202488 -1.494422 2.000000 -3.912023 -3.912023 -3.912023 1.000000 0.000000 0.000000 0.000000
-8.216819 0.124891 4.659869 0.000000 0.000000 0.000000 -0.563015 -1.077374 -1.424914 2.000000 -3.912023 -3.912023 -3.912023 1.000000 0.000000 0.000000 0.000000
-8.179165 0.138086 4.694347 0.000000 0.000000 0.000000 -0.702031 -1.174685 -1.494422 2.000000 -3.912023 -3.912023 -3.912023 1.000000 0.000000 0.000000 0.000000
-8.507888 0.102791 4.381416 0.000000 0.000000 0.000000 -0.882752 -1.355406 -1.675143 2.000000 -3.912023 -3.912023 -3.912023 1.000000 0.000000 0.000000 0.000000
-8.588741 0.232816 4.385359 0.000000 0.000000 0.000000 -0.465704 -1.146882 -1.647339 2.000000 -3.912023 -3.912023 -3.912023 1.000000 0.000000 0.000000 0.000000
-8.044144 0.734986 4.058510 0.000000 0.000000 0.000000 -0.729834 -1.285898 -1.661241 2.000000 -3.912023 -3.912023 -3.912023 1.000000 0.000000 0.000000 0.000000
-7.986084 1.036840 4.213186 0.000000 0.000000 0.000000 -0.827145 -1.327603 -1.577831 2.000000 -3.912023 -3.912023 -3.912023 1.000000 0.000000 0.000000 0.000000
-9.304017 1.999417 3.744251 0.000000 0.000000 0.000000 -0.340589 -0.841047 -1.091276 2.000000 -3.912023 -3.912023 -3.912023 1.000000 0.000000 0.000000 0.000000
-9.712005 1.998873 3.368465 0.000000 0.000000 0.000000 -1.411012 -1.633438 -1.689044 2.000000 -3.912023 -3.912023 -3.912023 1.000000 0.000000 0.000000 0.000000
-9.127287 2.058899 3.953965 0.000000 0.000000 0.000000 -0.187672 -0.924456 -1.188587 2.000000 -3.912023 -3.912023 -3.912023 1.000000 0.000000 0.000000 0.000000
-9.217605 2.216463 3.929839 0.000000 0.000000 0.000000 -1.522225 -1.619536 -1.661241 2.000000 -3.912023 -3.912023 -3.912023 1.000000 0.000000 0.000000 0.000000
-8.265690 0.127245 4.663597 0.000000 0.000000 0.000000 -0.576916 -1.063472 -1.397111 2.000000 -3.912023 -3.912023 -3.912023 1.000000 0.000000 0.000000 0.000000
-8.422894 0.095168 4.387630 0.000000 0.000000 0.000000 -0.813244 -1.299799 -1.647339 2.000000 -3.912023 -3.912023 -3.912023 1.000000 0.000000 0.000000 0.000000
-7.943927 0.398897 4.922165 0.000000 0.000000 0.000000 -0.549113 -1.202488 -1.591733 2.000000 -3.912023 -3.912023 -3.912023 1.000000 0.000000 0.000000 0.000000
-8.163877 0.370617 4.807450 0.000000 0.000000 0.000000 -0.771539 -1.313701 -1.550028 2.000000 -3.912023 -3.912023 -3.912023 1.000000 0.000000 0.000000 0.000000
-8.592974 0.237482 4.429796 0.000000 0.000000 0.000000 -0.729834 -1.285898 -1.563930 2.000000 -3.912023 -3.912023 -3.912023 1.000000 0.000000 0.000000 0.000000
-9.256365 1.986023 3.748283 0.000000 0.000000 0.000000 -0.410097 -0.896653 -1.146882 2.000000 -3.912023 -3.912023 -3.912023 1.000000 0.000000 0.000000 0.000000
-9.161585 2.072044 3.949901 0.000000 0.000000 0.000000 -0.187672 -0.924456 -1.188587 2.000000 -3.912023 -3.912023 -3.912023 1.000000 0.000000 0.000000 0.000000
-9.609863 2.003227 3.436755 0.000000 0.000000 0.000000 -0.173770 -0.743736 -1.021768 2.000000 -3.912023 -3.912023 -3.912023 1.000000 0.000000 0.000000 0.000000
-7.664924 0.340227 4.222930 0.000000 0.000000 0.000000 -0.785440 -1.341504 -1.661241 2.000000 -3.912023 -3.912023 -3.912023 1.000000 0.000000 0.000000 0.000000
-7.817835 0.605197 4.171097 0.000000 0.000000 0.000000 -0.688129 -1.244193 -1.647339 2.000000 -3.912023 -3.912023 -3.912023 1.000000 0.000000 0.000000 0.000000
-8.003412 0.721715 4.064426 0.000000 0.000000 0.000000 -0.674228 -1.258095 -1.675143 2.000000 -3.912023 -3.912023 -3.912023 1.000000 0.000000 0.000000 0.000000
-9.867743 1.958268 3.306368 0.000000 0.000000 0.000000 -1.355406 -1.563930 -1.661241 2.000000 -3.912023 -3.912023 -3.912023 1.000000 0.000000 0.000000 0.000000
-9.358552 2.019927 3.733242 0.000000 0.000000 0.000000 -0.410097 -0.896653 -1.146882 2.000000 -3.912023 -3.912023 -3.912023 1.000000 0.000000 0.000000 0.000000
-9.758160 2.007001 3.364284 0.000000 0.000000 0.000000 -1.341504 -1.633438 -1.702946 2.000000 -3.912023 -3.912023 -3.912023 1.000000 0.000000 0.000000 0.000000
-9.668341 2.017060 3.429600 0.000000 0.000000 0.000000 -0.187672 -0.757637 -1.021768 2.000000 -3.912023 -3.912023 -3.912023 1.000000 0.000000 0.000000 0.000000
-9.712136 2.073909 3.428894 0.000000 0.000000 0.000000 -1.271996 -1.452717 -1.536127 2.000000 -3.912023 -3.912023 -3.912023 1.000000 0.000000 0.000000 0.000000
-8.291272 0.019744 4.522178 0.000000 0.000000 0.000000 -0.298884 -1.077374 -1.563930 2.000000 -3.912023 -3.912023 -3.912023 1.000000 0.000000 0.000000 0.000000
-8.041779 1.039017 4.210940 0.000000 0.000000 0.000000 -0.660326 -1.271996 -1.675143 2.000000 -3.912023 -3.912023 -3.912023 1.000000 0.000000 0.000000 0.000000
-9.630704 -0.032888 4.169036 0.000000 0.000000 0.000000 -0.688129 -1.188587 -1.411012 2.000000 -3.912023 -3.912023 -3.912023 1.000000 0.000000 0.000000 0.000000
-10.211631 2.010691 3.734409 0.000000 0.000000 0.000000 -0.257180 -0.854948 -1.077374 2.000000 -3.912023 -3.912023 -3.912023 1.000000 0.000000 0.000000 0.000000
-9.550921 -0.061052 4.299512 0.000000 0.000000 0.000000 -0.924456 -1.424914 -1.702946 2.000000 -3.912023 -3.912023 -3.912023 1.000000 0.000000 0.000000 0.000000
-9.580296 -0.050877 4.277019 0.000000 0.000000 0.000000 -0.813244 -1.341504 -1.689044 2.000000 -3.912023 -3.912023 -3.912023 1.000000 0.000000 0.000000 0.000000
-9.406180 0.097852 4.595818 0.000000 0.000000 0.000000 -0.757637 -1.188587 -1.383209 2.000000 -3.912023 -3.912023 -3.912023 1.000000 0.000000 0.000000 0.000000
-9.634738 -0.036477 4.172514 0.000000 0.000000 0.000000 -0.604720 -1.132980 -1.383209 2.000000 -3.912023 -3.912023 -3.912023 1.000000 0.000000 0.000000 0.000000
-8.403372 0.288569 4.351676 0.000000 0.000000 0.000000 -0.743736 -1.230291 -1.577831 2.000000 -3.912023 -3.912023 -3.912023 1.000000 0.000000 0.000000 0.000000
-10.708460 1.883811 3.086629 0.000000 0.000000 0.000000 -1.341504 -1.633438 -1.702946 2.000000 -3.912023 -3.912023 -3.912023 1.000000 0.000000 0.000000 0.000000
-10.347684 1.928316 3.501661 0.000000 0.000000 0.000000 -0.549113 -0.938358 -1.132980 2.000000 -3.912023 -3.912023 -3.912023 1.000000 0.000000 0.000000 0.000000
-10.690590 1.961751 3.142398 0.000000 0.000000 0.000000 -1.327603 -1.536127 -1.633438 2.000000 -3.912023 -3.912023 -3.912023 1.000000 0.000000 0.000000 0.000000
-9.295310 -0.178808 4.471570 0.000000 0.000000 0.000000 -0.618621 -1.271996 -1.550028 2.000000 -3.912023 -3.912023 -3.912023 1.000000 0.000000 0.000000 0.000000
-9.226068 -0.068149 4.650227 0.000000 0.000000 0.000000 -0.521310 -1.035669 -1.438815 2.000000 -3.912023 -3.912023 -3.912023 1.000000 0.000000 0.000000 0.000000
-9.504050 -0.066001 4.301845 0.000000 0.000000 0.000000 -0.952260 -1.452717 -1.702946 2.000000 -3.912023 -3.912023 -3.912023 1.000000 0.000000 0.000000 0.000000
-9.530211 -0.056933 4.281768 0.000000 0.000000 0.000000 -0.757637 -1.299799 -1.675143 2.000000 -3.912023 -3.912023 -3.912023 1.000000 0.000000 0.000000 0.000000
-9.441287 0.103600 4.596386 0.000000 0.000000 0.000000 -0.674228 -1.119079 -1.313701 2.000000 -3.912023 -3.912023 -3.912023 1.000000 0.000000 0.000000 0.000000
-9.401819 0.537191 3.686408 0.000000 0.000000 0.000000 -0.841047 -1.341504 -1.591733 2.000000 -3.912023 -3.912023 -3.912023 1.000000 0.000000 0.000000 0.000000
-10.710979 1.882522 3.086393 0.000000 0.000000 0.000000 -1.341504 -1.633438 -1.702946 2.000000 -3.912023 -3.912023 -3.912023 1.000000 0.000000 0.000000 0.000000
-10.270866 1.898409 3.510658 0.000000 0.000000 0.000000 -0.410097 -0.854948 -1.091276 2.000000 -3.912023 -3.912023 -3.912023 1.000000 0.000000 0.000000 0.000000
-9.239313 -0.070147 4.648669 0.000000 0.000000 0.000000 -0.563015 -1.049571 -1.397111 2.000000 -3.912023 -3.912023 -3.912023 1.000000 0.000000 0.000000 0.000000
-9.195514 -0.055192 4.687117 0.000000 0.000000 0.000000 -0.715932 -1.202488 -1.536127 2.000000 -3.912023 -3.912023 -3.912023 1.000000 0.000000 0.000000 0.000000
-9.523501 -0.100934 4.316463 0.000000 0.000000 0.000000 -0.681178 -1.251144 -1.668192 3.500000 -4.258597 -4.258597 -4.258597 1.000000 0.000000 0.000000 0.000000
-9.497577 -0.068086 4.301609 0.000000 0.000000 0.000000 -0.757637 -1.271996 -1.577831 2.000000 -3.912023 -3.912023 -3.912023 1.000000 0.000000 0.000000 0.000000
-9.654346 -0.036979 4.170450 0.000000 0.000000 0.000000 -0.604720 -1.132980 -1.383209 2.000000 -3.912023 -3.912023 -3.912023 1.000000 0.000000 0.000000 0.000000
-9.202394 0.202851 4.811185 0.000000 0.000000 0.000000 -0.938358 -1.369307 -1.550028 2.000000 -3.912023 -3.912023 -3.912023 1.000000 0.000000 0.000000 0.000000
-10.240322 1.889898 3.518640 0.000000 0.000000 0.000000 -0.479605 -0.896653 -1.105177 2.000000 -3.912023 -3.912023 -3.912023 1.000000 0.000000 0.000000 0.000000
-10.612573 1.933562 3.161844 0.000000 0.000000 0.000000 -1.327603 -1.536127 -1.633438 2.000000 -3.912023 -3.912023 -3.912023 1.000000 0.000000 0.000000 0.000000
-10.222740 2.136199 3.680135 0.000000 0.000000 0.000000 -1.619536 -1.661241 -1.689044 2.000000 -3.912023 -3.912023 -3.912023 1.000000 0.000000 0.000000 0.000000
-9.294115 -0.320269 4.110790 0.000000 0.000000 0.000000 -0.472654 -1.126030 -1.466619 3.500000 -4.258597 -4.258597 -4.258597 1.000000 0.000000 0.000000 0.000000
-9.228869 -0.070838 4.647295 0.000000 0.000000 0.000000 -0.507408 -1.021768 -1.355406 2.000000 -3.912023 -3.912023 -3.912023 1.000000 0.000000 0.000000 0.000000
-9.483974 -0.103494 4.319849 0.000000 0.000000 0.000000 -0.667277 -1.237242 -1.654290 3.500000 -4.258597 -4.258597 -4.258597 1.000000 0.000000 0.000000 0.000000
-9.596949 0.035095 4.321301 0.000000 0.000000 0.000000 -0.618621 -1.216390 -1.633438 2.000000 -3.912023 -3.912023 -3.912023 1.000000 0.000000 0.000000 0.000000
-10.370402 1.777077 3.299353 0.000000 0.000000 0.000000 -0.062557 -0.646424 -0.938358 2.000000 -3.912023 -3.912023 -3.912023 1.000000 0.000000 0.000000 0.000000
-10.495767 2.072914 3.355397 0.000000 0.000000 0.000000 -1.494422 -1.605635 -1.675143 2.000000 -3.912023 -3.912023 -3.912023 1.000000 0.000000 0.000000 0.000000
-9.162232 -0.074072 4.649387 0.000000 0.000000 0.000000 -0.702031 -1.216390 -1.522225 2.000000 -3.912023 -3.912023 -3.912023 1.000000 0.000000 0.000000 0.000000
-9.124686 -0.060029 4.691127 0.000000 0.000000 0.000000 -0.813244 -1.230291 -1.522225 2.000000 -3.912023 -3.912023 -3.912023 1.000000 0.000000 0.000000 0.000000
-9.519615 -0.103815 4.322121 0.000000 0.000000 0.000000 -0.715932 -1.265045 -1.633438 3.500000 -4.258597 -4.258597 -4.258597 1.000000 0.000000 0.000000 0.000000
-9.477745 -0.066997 4.296828 0.000000 0.000000 0.000000 -0.924456 -1.438815 -1.702946 2.000000 -3.912023 -3.912023 -3.912023 1.000000 0.000000 0.000000 0.000000
-9.384789 0.100848 4.604455 0.000000 0.000000 0.000000 -0.771539 -1.160784 -1.341504 2.000000 -3.912023 -3.912023 -3.912023 1.000000 0.000000 0.000000 0.000000
-9.596703 -0.038156 4.191389 0.000000 0.000000 0.000000 -0.632523 -1.146882 -1.480520 2.000000 -3.912023 -3.912023 -3.912023 1.000000 0.000000 0.000000 0.000000
-9.204653 0.205431 4.811846 0.000000 0.000000 0.000000 -0.785440 -1.327603 -1.563930 2.000000 -3.912023 -3.912023 -3.912023 1.000000 0.000000 0.000000 0.000000
-8.833653 0.450803 4.050665 0.000000 0.000000 0.000000 -0.688129 -1.258095 -1.702946 2.000000 -3.912023 -3.912023 -3.912023 1.000000 0.000000 0.000000 0.000000
-9.014215 0.913939 4.074869 0.000000 0.000000 0.000000 -0.702031 -1.258095 -1.563930 2.000000 -3.912023 -3.912023 -3.912023 1.000000 0.000000 0.000000 0.000000
-10.770919 1.818385 3.041301 0.000000 0.000000 0.000000 -1.355406 -1.577831 -1.661241 2.000000 -3.912023 -3.912023 -3.912023 1.000000 0.000000 0.000000 0.000000
-9.282727 -0.043013 4.686219 0.000000 0.000000 0.000000 -0.493507 -1.077374 -1.577831 2.000000 -3.912023 -3.912023 -3.912023 1.000000 0.000000 0.000000 0.000000
-9.599314 -0.042381 4.192932 0.000000 0.000000 0.000000 -0.660326 -1.188587 -1.508323 2.000000 -3.912023 -3.912023 -3.912023 1.000000 0.000000 0.000000 0.000000
-9.601345 0.043784 4.370266 0.000000 0.000000 0.000000 -0.715932 -1.271996 -1.577831 2.000000 -3.912023 -3.912023 -3.912023 1.000000 0.000000 0.000000 0.000000
-9.224186 0.210451 4.813214 0.000000 0.000000 0.000000 -0.674228 -1.299799 -1.605635 2.000000 -3.912023 -3.912023 -3.912023 1.000000 0.000000 0.000000 0.000000
-8.973896 0.900431 4.082126 0.000000 0.000000 0.000000 -0.688129 -1.285898 -1.633438 2.000000 -3.912023 -3.912023 -3.912023 1.000000 0.000000 0.000000 0.000000
-9.290685 -0.187043 4.487805 0.000000 0.000000 0.000000 -0.298884 -1.077374 -1.563930 2.000000 -3.912023 -3.912023 -3.912023 1.000000 0.000000 0.000000 0.000000
-9.151737 -0.052587 4.690100 0.000000 0.000000 0.000000 -0.535212 -1.091276 -1.536127 2.000000 -3.912023 -3.912023 -3.912023 1.000000 0.000000 0.000000 0.000000
-10.444454 -0.109402 4.485018 0.000000 0.000000 0.000000 -0.715932 -1.146882 -1.341504 2.000000 -3.912023 -3.912023 -3.912023 1.000000 0.000000 0.000000 0.000000
-9.940903 -0.269875 3.866018 0.000000 0.000000 0.000000 -1.480520 -1.647339 -1.689044 2.000000 -3.912023 -3.912023 -3.912023 1.000000 0.000000 0.000000 0.000000
-11.046516 1.888902 4.286325 0.000000 0.000000 0.000000 -0.104262 -0.841047 -1.230291 2.000000 -3.912023 -3.912023 -3.912023 1.000000 0.000000 0.000000 0.000000
-11.004125 1.885562 4.260581 0.000000 0.000000 0.000000 -0.090360 -0.841047 -1.244193 2.000000 -3.912023 -3.912023 -3.912023 1.000000 0.000000 0.000000 0.000000
-11.065659 2.023757 4.209390 0.000000 0.000000 0.000000 -1.563930 -1.689044 -1.702946 2.000000 -3.912023 -3.912023 -3.912023 1.000000 0.000000 0.000000 0.000000
-11.068976 2.035179 4.179070 0.000000 0.000000 0.000000 -1.313701 -1.536127 -1.647339 2.000000 -3.912023 -3.912023 -3.912023 1.000000 0.000000 0.000000 0.000000
-10.585800 -0.278069 4.122115 0.000000 0.000000 0.000000 -0.743736 -1.285898 -1.661241 2.000000 -3.912023 -3.912023 -3.912023 1.000000 0.000000 0.000000 0.000000
-10.710447 -0.256978 3.986331 0.000000 0.000000 0.000000 -0.646424 -1.174685 -1.383209 2.000000 -3.912023 -3.912023 -3.912023 1.000000 0.000000 0.000000 0.000000
-10.498418 0.133626 4.625443 0.000000 0.000000 0.000000 -0.841047 -1.341504 -1.577831 2.000000 -3.912023 -3.912023 -3.912023 1.000000 0.000000 0.000000 0.000000
-9.313542 0.126252 4.286443 0.000000 0.000000 0.000000 -0.312786 -0.729834 -0.993964 2.000000 -3.912023 -3.912023 -3.912023 1.000000 0.000000 0.000000 0.000000
-11.159741 1.999077 4.313921 0.000000 0.000000 0.000000 -1.411012 -1.605635 -1.675143 2.000000 -3.912023 -3.912023 -3.912023 1.000000 0.000000 0.000000 0.000000
-11.052808 2.020606 4.208144 0.000000 0.000000 0.000000 -1.591733 -1.689044 -1.702946 2.000000 -3.912023 -3.912023 -3.912023 1.000000 0.000000 0.000000 0.000000
-10.212709 -0.529237 4.406065 0.000000 0.000000 0.000000 -0.062557 -0.868850 -1.341504 2.000000 -3.912023 -3.912023 -3.912023 1.000000 0.000000 0.000000 0.000000
-10.252364 -0.288349 4.552925 0.000000 0.000000 0.000000 -0.535212 -1.035669 -1.452717 2.000000 -3.912023 -3.912023 -3.912023 1.000000 0.000000 0.000000 0.000000
-10.221026 -0.275754 4.595615 0.000000 0.000000 0.000000 -0.702031 -1.174685 -1.494422 2.000000 -3.912023 -3.912023 -3.912023 1.000000 0.000000 0.000000 0.000000
-10.646493 -0.285677 4.133128 0.000000 0.000000 0.000000 -1.007866 -1.494422 -1.730749 2.000000 -3.912023 -3.912023 -3.912023 1.000000 0.000000 0.000000 0.000000
-10.603792 -0.279399 4.118175 0.000000 0.000000 0.000000 -0.729834 -1.271996 -1.647339 2.000000 -3.912023 -3.912023 -3.912023 1.000000 0.000000 0.000000 0.000000
-9.921129 0.987695 4.585409 0.000000 0.000000 0.000000 -0.535212 -0.966161 -1.146882 2.000000 -3.912023 -3.912023 -3.912023 1.000000 0.000000 0.000000 0.000000
-11.026018 1.882869 4.291695 0.000000 0.000000 0.000000 -0.201573 -0.924456 -1.299799 2.000000 -3.912023 -3.912023 -3.912023 1.000000 0.000000 0.000000 0.000000
-11.048251 1.901775 4.255705 0.000000 0.000000 0.000000 -0.090360 -0.841047 -1.244193 2.000000 -3.912023 -3.912023 -3.912023 1.000000 0.000000 0.000000 0.000000
-11.123245 2.042665 4.197783 0.000000 0.000000 0.000000 -1.591733 -1.689044 -1.702946 2.000000 -3.912023 -3.912023 -3.912023 1.000000 0.000000 0.000000 0.000000
-11.154429 2.066385 4.171279 0.000000 0.000000 0.000000 -1.550028 -1.647339 -1.689044 2.000000 -3.912023 -3.912023 -3.912023 1.000000 0.000000 0.000000 0.000000
-11.301942 1.832530 3.213803 0.000000 0.000000 0.000000 -0.423999 -0.980063 -1.202488 2.000000 -3.912023 -3.912023 -3.912023 1.000000 0.000000 0.000000 0.000000
-10.300529 -0.411810 4.353426 0.000000 0.000000 0.000000 -0.688129 -1.299799 -1.550028 2.000000 -3.912023 -3.912023 -3.912023 1.000000 0.000000 0.000000 0.000000
-10.263102 -0.290956 4.551441 0.000000 0.000000 0.000000 -0.576916 -1.063472 -1.424914 2.000000 -3.912023 -3.912023 -3.912023 1.000000 0.000000 0.000000 0.000000
-10.236895 -0.271903 4.594481 0.000000 0.000000 0.000000 -0.618621 -1.132980 -1.508323 2.000000 -3.912023 -3.912023 -3.912023 1.000000 0.000000 0.000000 0.000000
-10.516870 -0.330835 4.170280 0.000000 0.000000 0.000000 -0.674228 -1.251144 -1.668192 3.500000 -4.258597 -4.258597 -4.258597 1.000000 0.000000 0.000000 0.000000
-10.569601 -0.291956 4.141788 0.000000 0.000000 0.000000 -0.993964 -1.494422 -1.716847 2.000000 -3.912023 -3.912023 -3.912023 1.000000 0.000000 0.000000 0.000000
-10.633557 -0.267378 4.003210 0.000000 0.000000 0.000000 -0.757637 -1.244193 -1.452717 2.000000 -3.912023 -3.912023 -3.912023 1.000000 0.000000 0.000000 0.000000
-10.074896 0.780566 3.838628 0.000000 0.000000 0.000000 -0.743736 -1.313701 -1.563930 2.000000 -3.912023 -3.912023 -3.912023 1.000000 0.000000 0.000000 0.000000
-11.121128 1.969662 4.336069 0.000000 0.000000 0.000000 -1.397111 -1.577831 -1.647339 2.000000 -3.912023 -3.912023 -3.912023 1.000000 0.000000 0.000000 0.000000
-10.350943 -0.568166 3.924173 0.000000 0.000000 0.000000 -0.271081 -0.966161 -1.480520 2.000000 -3.912023 -3.912023 -3.912023 1.000000 0.000000 0.000000 0.000000
-10.249207 -0.292527 4.550217 0.000000 0.000000 0.000000 -0.590818 -1.105177 -1.438815 2.000000 -3.912023 -3.912023 -3.912023 1.000000 0.000000 0.000000 0.000000
-10.222795 -0.271733 4.594932 0.000000 0.000000 0.000000 -0.618621 -1.132980 -1.508323 2.000000 -3.912023 -3.912023 -3.912023 1.000000 0.000000 0.000000 0.000000
-10.545835 -0.293028 4.141810 0.000000 0.000000 0.000000 -0.980063 -1.480520 -1.716847 2.000000 -3.912023 -3.912023 -3.912023 1.000000 0.000000 0.000000 0.000000
-10.711449 -0.177999 4.157399 0.000000 0.000000 0.000000 -0.590818 -1.202488 -1.633438 2.000000 -3.912023 -3.912023 -3.912023 1.000000 0.000000 0.000000 0.000000
-9.426176 -0.190057 4.075520 0.000000 0.000000 0.000000 -0.284983 -0.980063 -1.258095 2.000000 -3.912023 -3.912023 -3.912023 1.000000 0.000000 0.000000 0.000000
-9.613811 -0.048416 3.920195 0.000000 0.000000 0.000000 -0.799342 -1.313701 -1.563930 2.000000 -3.912023 -3.912023 -3.912023 1.000000 0.000000 0.000000 0.000000
-10.813926 1.302872 3.270268 0.000000 0.000000 0.000000 -0.966161 -1.383209 -1.577831 2.000000 -3.912023 -3.912023 -3.912023 1.000000 0.000000 0.000000 0.000000
-11.648857 1.782713 2.782736 0.000000 0.000000 0.000000 -0.132065 -0.715932 -1.007866 2.000000 -3.912023 -3.912023 -3.912023 1.000000 0.000000 0.000000 0.000000
-11.438597 1.940895 3.013988 0.000000 0.000000 0.000000 -1.383209 -1.536127 -1.633438 2.000000 -3.912023 -3.912023 -3.912023 1.000000 0.000000 0.000000 0.000000
-10.275600 -0.271003 4.592685 0.000000 0.000000 0.000000 -0.632523 -1.119079 -1.480520 2.000000 -3.912023 -3.912023 -3.912023 1.000000 0.000000 0.000000 0.000000
-10.509087 -0.332229 4.176994 0.000000 0.000000 0.000000 -0.708982 -1.258095 -1.640389 3.500000 -4.258597 -4.258597 -4.258597 1.000000 0.000000 0.000000 0.000000
-10.332562 -0.146558 4.539466 0.000000 0.000000 0.000000 -0.646424 -1.258095 -1.605635 2.000000 -3.912023 -3.912023 -3.912023 1.000000 0.000000 0.000000 0.000000
-10.523475 -0.100703 4.485507 0.000000 0.000000 0.000000 -0.688129 -1.105177 -1.285898 2.000000 -3.912023 -3.912023 -3.912023 1.000000 0.000000 0.000000 0.000000
-10.658592 -0.179980 4.164402 0.000000 0.000000 0.000000 -0.604720 -1.216390 -1.647339 2.000000 -3.912023 -3.912023 -3.912023 1.000000 0.000000 0.000000 0.000000
-9.422682 0.101601 4.168083 0.000000 0.000000 0.000000 -0.507408 -1.146882 -1.702946 2.000000 -3.912023 -3.912023 -3.912023 1.000000 0.000000 0.000000 0.000000
-10.449758 -0.416174 4.341497 0.000000 0.000000 0.000000 -0.298884 -1.077374 -1.577831 2.000000 -3.912023 -3.912023 -3.912023 1.000000 0.000000 0.000000 0.000000
-10.191476 -0.266531 4.601057 0.000000 0.000000 0.000000 -0.493507 -1.077374 -1.563930 2.000000 -3.912023 -3.912023 -3.912023 1.000000 0.000000 0.000000 0.000000
-10.630104 -0.289803 4.122404 0.000000 0.000000 0.000000 -0.854948 -1.355406 -1.661241 2.000000 -3.912023 -3.912023 -3.912023 1.000000 0.000000 0.000000 0.000000
-10.736805 -0.264183 4.006021 0.000000 0.000000 0.000000 -0.646424 -1.160784 -1.522225 2.000000 -3.912023 -3.912023 -3.912023 1.000000 0.000000 0.000000 0.000000
-10.624124 -0.172034 4.224601 0.000000 0.000000 0.000000 -0.660326 -1.258095 -1.633438 2.000000 -3.912023 -3.912023 -3.912023 1.000000 0.000000 0.000000 0.000000
-10.705307 -0.173192 4.147168 0.000000 0.000000 0.000000 -0.535212 -1.188587 -1.702946 2.000000 -3.912023 -3.912023 -3.912023 1.000000 0.000000 0.000000 0.000000
-9.455773 0.103677 4.157857 0.000000 0.000000 0.000000 -0.549113 -1.174685 -1.689044 2.000000 -3.912023 -3.912023 -3.912023 1.000000 0.000000 0.000000 0.000000
-11.129063 1.964881 4.324304 0.000000 0.000000 0.000000 -1.341504 -1.494422 -1.563930 2.000000 -3.912023 -3.912023 -3.912023 1.000000 0.000000 0.000000 0.000000
-11.765230 1.669582 2.668918 0.000000 0.000000 0.000000 -1.494422 -1.647339 -1.689044 2.000000 -3.912023 -3.912023 -3.912023 1.000000 0.000000 0.000000 0.000000
-11.562388 1.796324 2.815756 0.000000 0.000000 0.000000 -1.258095 -1.480520 -1.591733 2.000000 -3.912023 -3.912023 -3.912023 1.000000 0.000000 0.000000 0.000000
-10.734275 -0.270029 4.015469 0.000000 0.000000 0.000000 -0.368392 -0.896653 -1.383209 2.000000 -3.912023 -3.912023 -3.912023 1.000000 0.000000 0.000000 0.000000
-10.625510 -0.174842 4.225459 0.000000 0.000000 0.000000 -0.799342 -1.313701 -1.563930 2.000000 -3.912023 -3.912023 -3.912023 1.000000 0.000000 0.000000 0.000000
-10.676185 -0.180977 4.153989 0.000000 0.000000 0.000000 -0.535212 -1.188587 -1.702946 2.000000 -3.912023 -3.912023 -3.912023 1.000000 0.000000 0.000000 0.000000
-11.035155 1.926511 4.338404 0.000000 0.000000 0.000000 -1.299799 -1.438815 -1.522225 2.000000 -3.912023 -3.912023 -3.912023 1.000000 0.000000 0.000000 0.000000
-11.619582 -0.544827 3.887305 0.000000 0.000000 0.000000 -0.854948 -1.355406 -1.661241 2.000000 -3.912023 -3.912023 -3.912023 1.000000 0.000000 0.000000 0.000000
-11.615483 -0.535822 3.905326 0.000000 0.000000 0.000000 -0.938358 -1.424914 -1.716847 2.000000 -3.912023 -3.912023 -3.912023 1.000000 0.000000 0.000000 0.000000
-11.642355 -0.527522 3.872177 0.000000 0.000000 0.000000 -0.813244 -1.341504 -1.689044 2.000000 -3.912023 -3.912023 -3.912023 1.000000 0.000000 0.000000 0.000000
-11.647352 -0.532181 3.797591 0.000000 0.000000 0.000000 -0.785440 -1.271996 -1.661241 2.000000 -3.912023 -3.912023 -3.912023 1.000000 0.000000 0.000000 0.000000
-11.750625 -0.144005 4.140254 0.000000 0.000000 0.000000 -0.618621 -1.049571 -1.230291 2.000000 -3.912023 -3.912023 -3.912023 1.000000 0.000000 0.000000 0.000000
-12.132562 1.817050 4.113514 0.000000 0.000000 0.000000 -1.285898 -1.508323 -1.619536 2.000000 -3.912023 -3.912023 -3.912023 1.000000 0.000000 0.000000 0.000000
-11.997888 1.768517 3.953655 0.000000 0.000000 0.000000 -0.173770 -0.924456 -1.285898 2.000000 -3.912023 -3.912023 -3.912023 1.000000 0.000000 0.000000 0.000000
-12.089199 1.855620 4.048117 0.000000 0.000000 0.000000 -1.397111 -1.591733 -1.675143 2.000000 -3.912023 -3.912023 -3.912023 1.000000 0.000000 0.000000 0.000000
-12.027993 1.799591 3.856033 0.000000 0.000000 0.000000 -0.326688 -0.966161 -1.285898 2.000000 -3.912023 -3.912023 -3.912023 1.000000 0.000000 0.000000 0.000000
-12.084855 1.831051 3.786505 0.000000 0.000000 0.000000 -0.535212 -0.993964 -1.216390 2.000000 -3.912023 -3.912023 -3.912023 1.000000 0.000000 0.000000 0.000000
-12.591234 1.671809 2.328942 0.000000 0.000000 0.000000 -1.271996 -1.522225 -1.633438 2.000000 -3.912023 -3.912023 -3.912023 1.000000 0.000000 0.000000 0.000000
-11.322972 -0.530149 4.362378 0.000000 0.000000 0.000000 -0.660326 -1.105177 -1.452717 2.000000 -3.912023 -3.912023 -3.912023 1.000000 0.000000 0.000000 0.000000
-11.612737 -0.536381 3.904538 0.000000 0.000000 0.000000 -0.938358 -1.424914 -1.716847 2.000000 -3.912023 -3.912023 -3.912023 1.000000 0.000000 0.000000 0.000000
-11.650735 -0.526937 3.868413 0.000000 0.000000 0.000000 -0.813244 -1.341504 -1.689044 2.000000 -3.912023 -3.912023 -3.912023 1.000000 0.000000 0.000000 0.000000
-12.144907 1.790017 4.135093 0.000000 0.000000 0.000000 -1.494422 -1.647339 -1.689044 2.000000 -3.912023 -3.912023 -3.912023 1.000000 0.000000 0.000000 0.000000
-12.019898 1.747254 4.042162 0.000000 0.000000 0.000000 -0.229376 -0.980063 -1.452717 2.000000 -3.912023 -3.912023 -3.912023 1.000000 0.000000 0.000000 0.000000
-12.059793 1.811112 3.851609 0.000000 0.000000 0.000000 -0.159868 -0.896653 -1.258095 2.000000 -3.912023 -3.912023 -3.912023 1.000000 0.000000 0.000000 0.000000
-11.386075 -0.665335 4.132135 0.000000 0.000000 0.000000 -0.688129 -1.285898 -1.522225 2.000000 -3.912023 -3.912023 -3.912023 1.000000 0.000000 0.000000 0.000000
-11.263442 -0.516651 4.415165 0.000000 0.000000 0.000000 -0.715932 -1.188587 -1.508323 2.000000 -3.912023 -3.912023 -3.912023 1.000000 0.000000 0.000000 0.000000
-11.582502 -0.538688 3.908866 0.000000 0.000000 0.000000 -1.007866 -1.494422 -1.730749 2.000000 -3.912023 -3.912023 -3.912023 1.000000 0.000000 0.000000 0.000000
-11.725102 -0.508697 3.724186 0.000000 0.000000 0.000000 -0.604720 -1.132980 -1.369307 2.000000 -3.912023 -3.912023 -3.912023 1.000000 0.000000 0.000000 0.000000
-11.858000 -0.264327 3.901030 0.000000 0.000000 0.000000 -0.660326 -1.202488 -1.452717 2.000000 -3.912023 -3.912023 -3.912023 1.000000 0.000000 0.000000 0.000000
-11.792464 -0.141751 4.128078 0.000000 0.000000 0.000000 -0.549113 -0.966161 -1.146882 2.000000 -3.912023 -3.912023 -3.912023 1.000000 0.000000 0.000000 0.000000
-11.494260 -0.084843 4.441040 0.000000 0.000000 0.000000 -0.813244 -1.327603 -1.591733 2.000000 -3.912023 -3.912023 -3.912023 1.000000 0.000000 0.000000 0.000000
-10.325705 -0.083479 4.020954 0.000000 0.000000 0.000000 -0.312786 -0.771539 -1.021768 2.000000 -3.912023 -3.912023 -3.912023 1.000000 0.000000 0.000000 0.000000
-12.162909 1.796655 4.128716 0.000000 0.000000 0.000000 -1.508323 -1.619536 -1.661241 2.000000 -3.912023 -3.912023 -3.912023 1.000000 0.000000 0.000000 0.000000
-12.011746 1.761434 3.993265 0.000000 0.000000 0.000000 -0.090360 -0.827145 -1.216390 2.000000 -3.912023 -3.912023 -3.912023 1.000000 0.000000 0.000000 0.000000
-12.237916 1.661711 2.754488 0.000000 0.000000 0.000000 -0.451802 -0.854948 -1.063472 2.000000 -3.912023 -3.912023 -3.912023 1.000000 0.000000 0.000000 0.000000
-12.046978 1.917214 3.891571 0.000000 0.000000 0.000000 -1.633438 -1.702946 -1.716847 2.000000 -3.912023 -3.912023 -3.912023 1.000000 0.000000 0.000000 0.000000
-12.090599 1.931117 3.831722 0.000000 0.000000 0.000000 -0.298884 -0.924456 -1.299799 2.000000 -3.912023 -3.912023 -3.912023 1.000000 0.000000 0.000000 0.000000
-11.227204 -0.537639 4.376388 0.000000 0.000000 0.000000 -0.521310 -1.035669 -1.397111 2.000000 -3.912023 -3.912023 -3.912023 1.000000 0.000000 0.000000 0.000000
-11.625345 -0.580788 3.915471 0.000000 0.000000 0.000000 -0.771539 -1.285898 -1.633438 3.500000 -4.258597 -4.258597 -4.258597 1.000000 0.000000 0.000000 0.000000
-11.680065 -0.538319 3.881688 0.000000 0.000000 0.000000 -0.938358 -1.424914 -1.689044 2.000000 -3.912023 -3.912023 -3.912023 1.000000 0.000000 0.000000 0.000000
-11.715490 -0.513552 3.727057 0.000000 0.000000 0.000000 -0.590818 -1.119079 -1.355406 2.000000 -3.912023 -3.912023 -3.912023 1.000000 0.000000 0.000000 0.000000
-11.266530 -0.214048 4.557894 0.000000 0.000000 0.000000 -0.938358 -1.369307 -1.550028 2.000000 -3.912023 -3.912023 -3.912023 1.000000 0.000000 0.000000 0.000000
-11.909633 -0.271347 3.833989 0.000000 0.000000 0.000000 -0.493507 -0.980063 -1.202488 2.000000 -3.912023 -3.912023 -3.912023 1.000000 0.000000 0.000000 0.000000
-10.851513 0.052215 3.488106 0.000000 0.000000 0.000000 -0.841047 -1.299799 -1.577831 2.000000 -3.912023 -3.912023 -3.912023 1.000000 0.000000 0.000000 0.000000
-12.230987 1.661315 2.759199 0.000000 0.000000 0.000000 -0.521310 -0.910555 -1.105177 2.000000 -3.912023 -3.912023 -3.912023 1.000000 0.000000 0.000000 0.000000
-12.085347 1.931087 3.878499 0.000000 0.000000 0.000000 -1.577831 -1.675143 -1.702946 2.000000 -3.912023 -3.912023 -3.912023 1.000000 0.000000 0.000000 0.000000
-12.004567 1.897462 3.849325 0.000000 0.000000 0.000000 -0.271081 -0.938358 -1.327603 2.000000 -3.912023 -3.912023 -3.912023 1.000000 0.000000 0.000000 0.000000
-12.109081 1.951188 3.854385 0.000000 0.000000 0.000000 -1.550028 -1.647339 -1.675143 2.000000 -3.912023 -3.912023 -3.912023 1.000000 0.000000 0.000000 0.000000
-11.296005 -0.535636 4.362769 0.000000 0.000000 0.000000 -0.521310 -1.035669 -1.397111 2.000000 -3.912023 -3.912023 -3.912023 1.000000 0.000000 0.000000 0.000000
-11.272137 -0.514415 4.413784 0.000000 0.000000 0.000000 -0.604720 -1.105177 -1.466619 2.000000 -3.912023 -3.912023 -3.912023 1.000000 0.000000 0.000000 0.000000
-11.493994 -0.583859 3.945912 0.000000 0.000000 0.000000 -0.563015 -1.086642 -1.443449 4.250000 -4.461329 -4.461329 -4.461329 1.000000 0.000000 0.000000 0.000000
-11.657739 -0.539003 3.880772 0.000000 0.000000 0.000000 -0.980063 -1.480520 -1.716847 2.000000 -3.912023 -3.912023 -3.912023 1.000000 0.000000 0.000000 0.000000
-11.727593 -0.421461 3.918452 0.000000 0.000000 0.000000 -0.674228 -1.230291 -1.605635 2.000000 -3.912023 -3.912023 -3.912023 1.000000 0.000000 0.000000 0.000000
-11.788836 -0.143330 4.127695 0.000000 0.000000 0.000000 -0.549113 -0.966161 -1.146882 2.000000 -3.912023 -3.912023 -3.912023 1.000000 0.000000 0.000000 0.000000
-11.513590 -0.090532 4.427700 0.000000 0.000000 0.000000 -0.980063 -1.397111 -1.661241 3.500000 -4.258597 -4.258597 -4.258597 1.000000 0.000000 0.000000 0.000000
-10.403668 -0.116297 3.898868 0.000000 0.000000 0.000000 -0.563015 -1.132980 -1.591733 2.000000 -3.912023 -3.912023 -3.912023 1.000000 0.000000 0.000000 0.000000
-11.057283 0.604393 3.496898 0.000000 0.000000 0.000000 -0.702031 -1.258095 -1.550028 2.000000 -3.912023 -3.912023 -3.912023 1.000000 0.000000 0.000000 0.000000
-12.530732 1.615560 2.356627 0.000000 0.000000 0.000000 -0.243278 -0.813244 -1.091276 2.000000 -3.912023 -3.912023 -3.912023 1.000000 0.000000 0.000000 0.000000
-12.028574 1.820733 3.807238 0.000000 0.000000 0.000000 -0.382294 -0.882752 -1.174685 2.000000 -3.912023 -3.912023 -3.912023 1.000000 0.000000 0.000000 0.000000
-12.159575 1.672815 2.826838 0.000000 0.000000 0.000000 -0.715932 -1.174685 -1.313701 2.000000 -3.912023 -3.912023 -3.912023 1.000000 0.000000 0.000000 0.000000
-11.436498 -0.843398 3.633934 0.000000 0.000000 0.000000 -0.312786 -0.980063 -1.452717 2.000000 -3.912023 -3.912023 -3.912023 1.000000 0.000000 0.000000 0.000000
-11.539342 -0.583151 3.938569 0.000000 0.000000 0.000000 -0.646424 -1.123713 -1.415646 4.250000 -4.461329 -4.461329 -4.461329 1.000000 0.000000 0.000000 0.000000
-11.595689 -0.540783 3.901513 0.000000 0.000000 0.000000 -0.924456 -1.411012 -1.689044 2.000000 -3.912023 -3.912023 -3.912023 1.000000 0.000000 0.000000 0.000000
-11.611564 -0.415370 4.005573 0.000000 0.000000 0.000000 -0.632523 -1.244193 -1.605635 2.000000 -3.912023 -3.912023 -3.912023 1.000000 0.000000 0.000000 0.000000
-11.783479 -0.416054 3.903653 0.000000 0.000000 0.000000 -0.590818 -1.216390 -1.647339 2.000000 -3.912023 -3.912023 -3.912023 1.000000 0.000000 0.000000 0.000000
-11.209496 -0.214216 4.572262 0.000000 0.000000 0.000000 -0.715932 -1.327603 -1.633438 2.000000 -3.912023 -3.912023 -3.912023 1.000000 0.000000 0.000000 0.000000
-10.851239 0.057155 3.489256 0.000000 0.000000 0.000000 -0.646424 -1.230291 -1.716847 2.000000 -3.912023 -3.912023 -3.912023 1.000000 0.000000 0.000000 0.000000
-12.001760 1.887316 3.847688 0.000000 0.000000 0.000000 -0.118164 -0.799342 -1.216390 2.000000 -3.912023 -3.912023 -3.912023 1.000000 0.000000 0.000000 0.000000
-11.240219 -0.509259 4.420507 0.000000 0.000000 0.000000 -0.493507 -1.077374 -1.550028 2.000000 -3.912023 -3.912023 -3.912023 1.000000 0.000000 0.000000 0.000000
-11.611204 -0.541704 3.887265 0.000000 0.000000 0.000000 -0.896653 -1.411012 -1.702946 2.000000 -3.912023 -3.912023 -3.912023 1.000000 0.000000 0.000000 0.000000
-11.560116 -0.519219 3.789851 0.000000 0.000000 0.000000 -0.660326 -1.174685 -1.480520 2.000000 -3.912023 -3.912023 -3.912023 1.000000 0.000000 0.000000 0.000000
-11.647593 -0.412257 3.992040 0.000000 0.000000 0.000000 -0.715932 -1.285898 -1.605635 2.000000 -3.912023 -3.912023 -3.912023 1.000000 0.000000 0.000000 0.000000
-11.851115 -0.409861 3.880667 0.000000 0.000000 0.000000 -0.451802 -1.146882 -1.647339 2.000000 -3.912023 -3.912023 -3.912023 1.000000 0.000000 0.000000 0.000000
-10.769649 0.687283 4.352396 0.000000 0.000000 0.000000 -1.126030 -1.459668 -1.598684 3.500000 -4.258597 -4.258597 -4.258597 1.000000 0.000000 0.000000 0.000000
-12.007857 1.801545 3.878973 0.000000 0.000000 0.000000 -0.090360 -0.882752 -1.271996 2.000000 -3.912023 -3.912023 -3.912023 1.000000 0.000000 0.000000 0.000000
-12.130073 1.931506 3.810793 0.000000 0.000000 0.000000 -0.159868 -0.854948 -1.258095 2.000000 -3.912023 -3.912023 -3.912023 1.000000 0.000000 0.000000 0.000000
-12.118273 1.939197 3.862539 0.000000 0.000000 0.000000 -1.494422 -1.605635 -1.647339 2.000000 -3.912023 -3.912023 -3.912023 1.000000 0.000000 0.000000 0.000000
-11.199972 -0.516363 4.438013 0.000000 0.000000 0.000000 -0.535212 -1.105177 -1.522225 2.000000 -3.912023 -3.912023 -3.912023 1.000000 0.000000 0.000000 0.000000
-11.699929 -0.522283 3.769878 0.000000 0.000000 0.000000 -0.465704 -0.980063 -1.452717 2.000000 -3.912023 -3.912023 -3.912023 1.000000 0.000000 0.000000 0.000000
-11.693212 -0.422530 3.913334 0.000000 0.000000 0.000000 -0.618621 -1.209439 -1.577831 3.500000 -4.258597 -4.258597 -4.258597 1.000000 0.000000 0.000000 0.000000
-10.726686 0.664148 4.357646 0.000000 0.000000 0.000000 -1.105177 -1.431865 -1.577831 3.500000 -4.258597 -4.258597 -4.258597 1.000000 0.000000 0.000000 0.000000
-12.147900 1.862663 4.020511 0.000000 0.000000 0.000000 -1.299799 -1.438815 -1.508323 2.000000 -3.912023 -3.912023 -3.912023 1.000000 0.000000 0.000000 0.000000
-12.474903 1.579796 2.388271 0.000000 0.000000 0.000000 -0.298884 -0.868850 -1.146882 2.000000 -3.912023 -3.912023 -3.912023 1.000000 0.000000 0.000000 0.000000
-12.374278 1.797680 2.591431 0.000000 0.000000 0.000000 -1.355406 -1.494422 -1.605635 2.000000 -3.912023 -3.912023 -3.912023 1.000000 0.000000 0.000000 0.000000
-12.638439 -0.796724 3.543301 0.000000 0.000000 0.000000 -0.827145 -1.369307 -1.702946 2.000000 -3.912023 -3.912023 -3.912023 1.000000 0.000000 0.000000 0.000000
-12.743175 -0.774595 3.365030 0.000000 0.000000 0.000000 -0.688129 -1.188587 -1.397111 2.000000 -3.912023 -3.912023 -3.912023 1.000000 0.000000 0.000000 0.000000
-12.855490 -0.523589 3.523730 0.000000 0.000000 0.000000 -0.660326 -1.063472 -1.258095 2.000000 -3.912023 -3.912023 -3.912023 1.000000 0.000000 0.000000 0.000000
-12.797818 -0.381893 3.826231 0.000000 0.000000 0.000000 -0.688129 -1.063472 -1.244193 2.000000 -3.912023 -3.912023 -3.912023 1.000000 0.000000 0.000000 0.000000
-13.035505 -0.493865 3.186208 0.000000 0.000000 0.000000 -0.576916 -1.091276 -1.285898 2.000000 -3.912023 -3.912023 -3.912023 1.000000 0.000000 0.000000 0.000000
-11.286962 -0.314544 3.665505 0.000000 0.000000 0.000000 -0.257180 -0.688129 -0.952260 2.000000 -3.912023 -3.912023 -3.912023 1.000000 0.000000 0.000000 0.000000
-12.992576 1.596291 3.695928 0.000000 0.000000 0.000000 -0.382294 -0.980063 -1.341504 2.000000 -3.912023 -3.912023 -3.912023 1.000000 0.000000 0.000000 0.000000
-13.195741 1.691389 3.746971 0.000000 0.000000 0.000000 -1.466619 -1.633438 -1.689044 2.000000 -3.912023 -3.912023 -3.912023 1.000000 0.000000 0.000000 0.000000
-13.036248 1.626888 3.651401 0.000000 0.000000 0.000000 -0.104262 -0.910555 -1.424914 2.000000 -3.912023 -3.912023 -3.912023 1.000000 0.000000 0.000000 0.000000
-13.121740 1.703718 3.734185 0.000000 0.000000 0.000000 -1.188587 -1.480520 -1.619536 2.000000 -3.912023 -3.912023 -3.912023 1.000000 0.000000 0.000000 0.000000
-13.541544 1.519917 1.776326 0.000000 0.000000 0.000000 -1.244193 -1.494422 -1.605635 2.000000 -3.912023 -3.912023 -3.912023 1.000000 0.000000 0.000000 0.000000
-13.014233 1.679082 3.444584 0.000000 0.000000 0.000000 -0.354491 -0.938358 -1.230291 2.000000 -3.912023 -3.912023 -3.912023 1.000000 0.000000 0.000000 0.000000
-13.059442 1.737375 3.156760 0.000000 0.000000 0.000000 -0.465704 -1.049571 -1.258095 2.000000 -3.912023 -3.912023 -3.912023 1.000000 0.000000 0.000000 0.000000
-13.083857 1.744505 3.095348 0.000000 0.000000 0.000000 -0.410097 -0.924456 -1.160784 2.000000 -3.912023 -3.912023 -3.912023 1.000000 0.000000 0.000000 0.000000
-12.612164 -0.805265 3.578565 0.000000 0.000000 0.000000 -0.910555 -1.397111 -1.689044 2.000000 -3.912023 -3.912023 -3.912023 1.000000 0.000000 0.000000 0.000000
-12.635646 -0.797239 3.542601 0.000000 0.000000 0.000000 -0.827145 -1.369307 -1.702946 2.000000 -3.912023 -3.912023 -3.912023 1.000000 0.000000 0.000000 0.000000
-12.736859 -0.777662 3.370779 0.000000 0.000000 0.000000 -0.604720 -1.132980 -1.369307 2.000000 -3.912023 -3.912023 -3.912023 1.000000 0.000000 0.000000 0.000000
-12.526961 -0.590489 3.994193 0.000000 0.000000 0.000000 -0.757637 -1.202488 -1.397111 2.000000 -3.912023 -3.912023 -3.912023 1.000000 0.000000 0.000000 0.000000
-12.786180 -0.383902 3.828932 0.000000 0.000000 0.000000 -0.688129 -1.063472 -1.244193 2.000000 -3.912023 -3.912023 -3.912023 1.000000 0.000000 0.000000 0.000000
-13.029052 1.661009 3.549728 0.000000 0.000000 0.000000 -0.132065 -0.896653 -1.271996 2.000000 -3.912023 -3.912023 -3.912023 1.000000 0.000000 0.000000 0.000000
-13.094302 1.750615 3.090836 0.000000 0.000000 0.000000 -0.410097 -0.924456 -1.160784 2.000000 -3.912023 -3.912023 -3.912023 1.000000 0.000000 0.000000 0.000000
-13.054993 1.817023 3.479042 0.000000 0.000000 0.000000 -1.563930 -1.689044 -1.716847 2.000000 -3.912023 -3.912023 -3.912023 1.000000 0.000000 0.000000 0.000000
-13.033267 1.810629 3.426428 0.000000 0.000000 0.000000 -0.437900 -1.021768 -1.369307 2.000000 -3.912023 -3.912023 -3.912023 1.000000 0.000000 0.000000 0.000000
-13.024446 1.820085 3.453907 0.000000 0.000000 0.000000 -1.550028 -1.647339 -1.675143 2.000000 -3.912023 -3.912023 -3.912023 1.000000 0.000000 0.000000 0.000000
-12.996236 1.857949 3.146363 0.000000 0.000000 0.000000 -1.522225 -1.647339 -1.675143 2.000000 -3.912023 -3.912023 -3.912023 1.000000 0.000000 0.000000 0.000000
-12.242490 -0.780047 4.157779 0.000000 0.000000 0.000000 -0.674228 -1.160784 -1.508323 2.000000 -3.912023 -3.912023 -3.912023 1.000000 0.000000 0.000000 0.000000
-12.606033 -0.853344 3.591152 0.000000 0.000000 0.000000 -0.854948 -1.327603 -1.661241 2.000000 -3.912023 -3.912023 -3.912023 1.000000 0.000000 0.000000 0.000000
-12.646323 -0.805828 3.564320 0.000000 0.000000 0.000000 -0.952260 -1.452717 -1.716847 2.000000 -3.912023 -3.912023 -3.912023 1.000000 0.000000 0.000000 0.000000
-12.586658 -0.801588 3.560025 0.000000 0.000000 0.000000 -0.702031 -1.244193 -1.619536 2.000000 -3.912023 -3.912023 -3.912023 1.000000 0.000000 0.000000 0.000000
-12.840818 -0.379040 3.812970 0.000000 0.000000 0.000000 -0.688129 -1.063472 -1.244193 2.000000 -3.912023 -3.912023 -3.912023 1.000000 0.000000 0.000000 0.000000
-11.291702 -0.313088 3.658411 0.000000 0.000000 0.000000 -0.396196 -0.827145 -1.077374 2.000000 -3.912023 -3.912023 -3.912023 1.000000 0.000000 0.000000 0.000000
-13.093114 1.633972 3.668551 0.000000 0.000000 0.000000 -0.382294 -0.966161 -1.327603 2.000000 -3.912023 -3.912023 -3.912023 1.000000 0.000000 0.000000 0.000000
-13.033676 1.628021 3.652078 0.000000 0.000000 0.000000 -0.257180 -0.980063 -1.424914 2.000000 -3.912023 -3.912023 -3.912023 1.000000 0.000000 0.000000 0.000000
-13.041885 1.663566 3.544047 0.000000 0.000000 0.000000 -0.090360 -0.854948 -1.258095 2.000000 -3.912023 -3.912023 -3.912023 1.000000 0.000000 0.000000 0.000000
-13.560578 1.523878 1.766176 0.000000 0.000000 0.000000 -1.244193 -1.494422 -1.605635 2.000000 -3.912023 -3.912023 -3.912023 1.000000 0.000000 0.000000 0.000000
-13.041455 1.813209 3.476250 0.000000 0.000000 0.000000 -1.591733 -1.689044 -1.716847 2.000000 -3.912023 -3.912023 -3.912023 1.000000 0.000000 0.000000 0.000000
-12.407962 -0.940902 3.830565 0.000000 0.000000 0.000000 -0.632523 -1.258095 -1.508323 2.000000 -3.912023 -3.912023 -3.912023 1.000000 0.000000 0.000000 0.000000
-12.662423 -0.809993 3.559850 0.000000 0.000000 0.000000 -0.813244 -1.313701 -1.605635 2.000000 -3.912023 -3.912023 -3.912023 1.000000 0.000000 0.000000 0.000000
-11.372915 -0.352661 3.525503 0.000000 0.000000 0.000000 -0.674228 -1.174685 -1.550028 2.000000 -3.912023 -3.912023 -3.912023 1.000000 0.000000 0.000000 0.000000
-13.524672 1.475732 1.786166 0.000000 0.000000 0.000000 -0.326688 -0.868850 -1.132980 2.000000 -3.912023 -3.912023 -3.912023 1.000000 0.000000 0.000000 0.000000
-13.041432 1.731206 3.105555 0.000000 0.000000 0.000000 -0.257180 -0.868850 -1.160784 2.000000 -3.912023 -3.912023 -3.912023 1.000000 0.000000 0.000000 0.000000
-13.026772 1.859734 3.159904 0.000000 0.000000 0.000000 -1.522225 -1.661241 -1.689044 2.000000 -3.912023 -3.912023 -3.912023 1.000000 0.000000 0.000000 0.000000
-13.037004 1.868976 3.138110 0.000000 0.000000 0.000000 -1.536127 -1.647339 -1.675143 2.000000 -3.912023 -3.912023 -3.912023 1.000000 0.000000 0.000000 0.000000
-12.338511 -0.801573 4.085430 0.000000 0.000000 0.000000 -0.618621 -1.105177 -1.424914 2.000000 -3.912023 -3.912023 -3.912023 1.000000 0.000000 0.000000 0.000000
-12.598641 -0.855968 3.594393 0.000000 0.000000 0.000000 -0.827145 -1.299799 -1.647339 2.000000 -3.912023 -3.912023 -3.912023 1.000000 0.000000 0.000000 0.000000
-12.718342 -0.683270 3.596707 0.000000 0.000000 0.000000 -0.486556 -1.098226 -1.487471 3.500000 -4.258597 -4.258597 -4.258597 1.000000 0.000000 0.000000 0.000000
-11.140738 -0.276256 4.669340 0.000000 0.000000 0.000000 -0.702031 -1.285898 -1.591733 2.000000 -3.912023 -3.912023 -3.912023 1.000000 0.000000 0.000000 0.000000
-13.035536 1.731082 3.648386 0.000000 0.000000 0.000000 -1.327603 -1.550028 -1.647339 2.000000 -3.912023 -3.912023 -3.912023 1.000000 0.000000 0.000000 0.000000
-13.039040 1.863872 3.157260 0.000000 0.000000 0.000000 -1.466619 -1.619536 -1.647339 2.000000 -3.912023 -3.912023 -3.912023 1.000000 0.000000 0.000000 0.000000
-12.314841 -0.947712 3.867384 0.000000 0.000000 0.000000 -0.437900 -1.202488 -1.619536 2.000000 -3.912023 -3.912023 -3.912023 1.000000 0.000000 0.000000 0.000000
-12.386374 -0.800282 4.073772 0.000000 0.000000 0.000000 -0.688129 -1.132980 -1.438815 2.000000 -3.912023 -3.912023 -3.912023 1.000000 0.000000 0.000000 0.000000
-12.572570 -0.811294 3.581262 0.000000 0.000000 0.000000 -0.966161 -1.480520 -1.716847 2.000000 -3.912023 -3.912023 -3.912023 1.000000 0.000000 0.000000 0.000000
-12.691843 -0.789893 3.393975 0.000000 0.000000 0.000000 -0.674228 -1.202488 -1.452717 2.000000 -3.912023 -3.912023 -3.912023 1.000000 0.000000 0.000000 0.000000
-12.765077 -0.668545 3.648627 0.000000 0.000000 0.000000 -0.785440 -1.313701 -1.563930 2.000000 -3.912023 -3.912023 -3.912023 1.000000 0.000000 0.000000 0.000000
-12.658934 -0.680276 3.612902 0.000000 0.000000 0.000000 -0.528261 -1.153833 -1.536127 3.500000 -4.258597 -4.258597 -4.258597 1.000000 0.000000 0.000000 0.000000
-12.959633 -0.525791 3.481973 0.000000 0.000000 0.000000 -0.493507 -0.980063 -1.202488 2.000000 -3.912023 -3.912023 -3.912023 1.000000 0.000000 0.000000 0.000000
-13.092083 1.698369 3.673895 0.000000 0.000000 0.000000 -0.006951 -0.910555 -1.522225 2.000000 -3.912023 -3.912023 -3.912023 1.000000 0.000000 0.000000 0.000000
-13.539131 1.517364 1.784144 0.000000 0.000000 0.000000 -1.285898 -1.466619 -1.563930 2.000000 -3.912023 -3.912023 -3.912023 1.000000 0.000000 0.000000 0.000000
-13.153039 1.763505 3.632847 0.000000 0.000000 0.000000 -1.327603 -1.522225 -1.619536 2.000000 -3.912023 -3.912023 -3.912023 1.000000 0.000000 0.000000 0.000000
-13.074024 1.703581 3.438151 0.000000 0.000000 0.000000 -0.090360 -0.882752 -1.271996 2.000000 -3.912023 -3.912023 -3.912023 1.000000 0.000000 0.000000 0.000000
-13.046321 1.795387 3.413108 0.000000 0.000000 0.000000 -0.118164 -0.799342 -1.202488 2.000000 -3.912023 -3.912023 -3.912023 1.000000 0.000000 0.000000 0.000000
-12.285501 -0.775204 4.149759 0.000000 0.000000 0.000000 -0.590818 -1.105177 -1.494422 2.000000 -3.912023 -3.912023 -3.912023 1.000000 0.000000 0.000000 0.000000
-12.695411 -0.676624 3.597503 0.000000 0.000000 0.000000 -0.528261 -1.153833 -1.536127 3.500000 -4.258597 -4.258597 -4.258597 1.000000 0.000000 0.000000 0.000000
-11.385736 -0.347786 3.509948 0.000000 0.000000 0.000000 -0.604720 -1.216390 -1.689044 2.000000 -3.912023 -3.912023 -3.912023 1.000000 0.000000 0.000000 0.000000
-11.687325 0.501866 4.039307 0.000000 0.000000 0.000000 -0.896653 -1.369307 -1.563930 2.000000 -3.912023 -3.912023 -3.912023 1.000000 0.000000 0.000000 0.000000
-12.914472 1.653801 3.492114 0.000000 0.000000 0.000000 -0.145967 -0.882752 -1.244193 2.000000 -3.912023 -3.912023 -3.912023 1.000000 0.000000 0.000000 0.000000
-13.033022 1.788929 3.414332 0.000000 0.000000 0.000000 -0.118164 -0.799342 -1.216390 2.000000 -3.912023 -3.912023 -3.912023 1.000000 0.000000 0.000000 0.000000
-12.996661 1.791270 3.477648 0.000000 0.000000 0.000000 -1.466619 -1.577831 -1.619536 2.000000 -3.912023 -3.912023 -3.912023 1.000000 0.000000 0.000000 0.000000
-12.277949 -0.775226 4.161100 0.000000 0.000000 0.000000 -0.702031 -1.188587 -1.522225 2.000000 -3.912023 -3.912023 -3.912023 1.000000 0.000000 0.000000 0.000000
-12.500917 -0.793726 3.486245 0.000000 0.000000 0.000000 -0.674228 -1.188587 -1.522225 2.000000 -3.912023 -3.912023 -3.912023 1.000000 0.000000 0.000000 0.000000
-13.020207 1.708583 3.658391 0.000000 0.000000 0.000000 -1.285898 -1.438815 -1.522225 2.000000 -3.912023 -3.912023 -3.912023 1.000000 0.000000 0.000000 0.000000
-12.992700 1.751412 3.428222 0.000000 0.000000 0.000000 -0.215475 -0.799342 -1.160784 2.000000 -3.912023 -3.912023 -3.912023 1.000000 0.000000 0.000000 0.000000
-13.341356 -1.453055 2.834497 0.000000 0.000000 0.000000 -0.271081 -0.952260 -1.438815 2.000000 -3.912023 -3.912023 -3.912023 1.000000 0.000000 0.000000 0.000000
-13.581338 -1.100986 3.155686 0.000000 0.000000 0.000000 -0.813244 -1.313701 -1.647339 2.000000 -3.912023 -3.912023 -3.912023 1.000000 0.000000 0.000000 0.000000
-13.319233 -1.168894 2.477908 0.000000 0.000000 0.000000 -0.743736 -1.285898 -1.536127 2.000000 -3.912023 -3.912023 -3.912023 1.000000 0.000000 0.000000 0.000000
-13.992164 -0.760698 2.738895 0.000000 0.000000 0.000000 -0.590818 -1.077374 -1.285898 2.000000 -3.912023 -3.912023 -3.912023 1.000000 0.000000 0.000000 0.000000
-13.813510 -0.634863 3.427536 0.000000 0.000000 0.000000 -0.646424 -1.049571 -1.230291 2.000000 -3.912023 -3.912023 -3.912023 1.000000 0.000000 0.000000 0.000000
-13.821087 -0.631795 3.414761 0.000000 0.000000 0.000000 -0.465704 -0.924456 -1.146882 2.000000 -3.912023 -3.912023 -3.912023 1.000000 0.000000 0.000000 0.000000
-14.075668 1.504681 3.183004 0.000000 0.000000 0.000000 -0.271081 -0.910555 -1.285898 2.000000 -3.912023 -3.912023 -3.912023 1.000000 0.000000 0.000000 0.000000
-14.064005 1.536579 3.090214 0.000000 0.000000 0.000000 -0.229376 -0.938358 -1.285898 2.000000 -3.912023 -3.912023 -3.912023 1.000000 0.000000 0.000000 0.000000
-14.159502 1.606932 3.241139 0.000000 0.000000 0.000000 -1.258095 -1.522225 -1.689044 2.000000 -3.912023 -3.912023 -3.912023 1.000000 0.000000 0.000000 0.000000
-14.020064 1.705809 2.972736 0.000000 0.000000 0.000000 -1.563930 -1.689044 -1.716847 2.000000 -3.912023 -3.912023 -3.912023 1.000000 0.000000 0.000000 0.000000
-13.678216 -1.080657 3.102533 0.000000 0.000000 0.000000 -0.827145 -1.369307 -1.689044 2.000000 -3.912023 -3.912023 -3.912023 1.000000 0.000000 0.000000 0.000000
-13.703434 -0.990916 2.474475 0.000000 0.000000 0.000000 -0.743736 -1.202488 -1.383209 2.000000 -3.912023 -3.912023 -3.912023 1.000000 0.000000 0.000000 0.000000
-13.840764 -0.790792 3.099442 0.000000 0.000000 0.000000 -0.451802 -0.980063 -1.202488 2.000000 -3.912023 -3.912023 -3.912023 1.000000 0.000000 0.000000 0.000000
-13.820909 -0.634420 3.423940 0.000000 0.000000 0.000000 -0.646424 -1.049571 -1.230291 2.000000 -3.912023 -3.912023 -3.912023 1.000000 0.000000 0.000000 0.000000
-12.365260 -0.597044 3.024529 0.000000 0.000000 0.000000 -0.674228 -1.174685 -1.550028 2.000000 -3.912023 -3.912023 -3.912023 1.000000 0.000000 0.000000 0.000000
-12.267000 -0.201144 3.922147 0.000000 0.000000 0.000000 -0.813244 -1.299799 -1.522225 2.000000 -3.912023 -3.912023 -3.912023 1.000000 0.000000 0.000000 0.000000
-12.801586 0.401826 3.713794 0.000000 0.000000 0.000000 -0.674228 -1.077374 -1.285898 2.000000 -3.912023 -3.912023 -3.912023 1.000000 0.000000 0.000000 0.000000
-13.132899 0.798190 3.488222 0.000000 0.000000 0.000000 -0.688129 -1.077374 -1.285898 2.000000 -3.912023 -3.912023 -3.912023 1.000000 0.000000 0.000000 0.000000
-14.160879 1.569371 3.282512 0.000000 0.000000 0.000000 -1.508323 -1.647339 -1.689044 2.000000 -3.912023 -3.912023 -3.912023 1.000000 0.000000 0.000000 0.000000
-13.985285 1.488112 3.182780 0.000000 0.000000 0.000000 -0.173770 -0.924456 -1.383209 2.000000 -3.912023 -3.912023 -3.912023 1.000000 0.000000 0.000000 0.000000
-14.035302 1.525725 3.098682 0.000000 0.000000 0.000000 -0.271081 -0.938358 -1.285898 2.000000 -3.912023 -3.912023 -3.912023 1.000000 0.000000 0.000000 0.000000
-14.004732 1.576655 2.859275 0.000000 0.000000 0.000000 -0.368392 -0.980063 -1.258095 2.000000 -3.912023 -3.912023 -3.912023 1.000000 0.000000 0.000000 0.000000
-13.961463 1.596167 2.584518 0.000000 0.000000 0.000000 -0.312786 -0.868850 -1.146882 2.000000 -3.912023 -3.912023 -3.912023 1.000000 0.000000 0.000000 0.000000
-14.029809 1.709510 2.968701 0.000000 0.000000 0.000000 -1.563930 -1.689044 -1.716847 2.000000 -3.912023 -3.912023 -3.912023 1.000000 0.000000 0.000000 0.000000
-13.953617 1.747536 2.636980 0.000000 0.000000 0.000000 -1.508323 -1.661241 -1.689044 2.000000 -3.912023 -3.912023 -3.912023 1.000000 0.000000 0.000000 0.000000
-13.388419 -1.233835 3.447309 0.000000 0.000000 0.000000 -0.632523 -1.244193 -1.508323 2.000000 -3.912023 -3.912023 -3.912023 1.000000 0.000000 0.000000 0.000000
-13.272815 -1.058285 3.795678 0.000000 0.000000 0.000000 -0.702031 -1.188587 -1.536127 2.000000 -3.912023 -3.912023 -3.912023 1.000000 0.000000 0.000000 0.000000
-13.571047 -1.143137 3.187140 0.000000 0.000000 0.000000 -0.896653 -1.369307 -1.689044 2.000000 -3.912023 -3.912023 -3.912023 1.000000 0.000000 0.000000 0.000000
-13.623030 -1.097811 3.140813 0.000000 0.000000 0.000000 -0.966161 -1.466619 -1.716847 2.000000 -3.912023 -3.912023 -3.912023 1.000000 0.000000 0.000000 0.000000
-13.626300 -1.089016 3.150870 0.000000 0.000000 0.000000 -0.980063 -1.480520 -1.716847 2.000000 -3.912023 -3.912023 -3.912023 1.000000 0.000000 0.000000 0.000000
-13.728997 -1.064737 2.928607 0.000000 0.000000 0.000000 -0.590818 -1.132980 -1.369307 2.000000 -3.912023 -3.912023 -3.912023 1.000000 0.000000 0.000000 0.000000
-13.346412 -1.165148 2.462254 0.000000 0.000000 0.000000 -0.604720 -1.188587 -1.494422 2.000000 -3.912023 -3.912023 -3.912023 1.000000 0.000000 0.000000 0.000000
-13.772885 -0.639777 3.441157 0.000000 0.000000 0.000000 -0.785440 -1.119079 -1.285898 2.000000 -3.912023 -3.912023 -3.912023 1.000000 0.000000 0.000000 0.000000
-12.934741 0.526698 3.557985 0.000000 0.000000 0.000000 -0.549113 -1.021768 -1.216390 2.000000 -3.912023 -3.912023 -3.912023 1.000000 0.000000 0.000000 0.000000
-14.067848 1.556692 3.030310 0.000000 0.000000 0.000000 -0.076459 -0.854948 -1.244193 2.000000 -3.912023 -3.912023 -3.912023 1.000000 0.000000 0.000000 0.000000
-14.092864 1.644872 3.161498 0.000000 0.000000 0.000000 -1.327603 -1.591733 -1.702946 2.000000 -3.912023 -3.912023 -3.912023 1.000000 0.000000 0.000000 0.000000
-13.986526 1.605928 2.567727 0.000000 0.000000 0.000000 -0.201573 -0.854948 -1.160784 2.000000 -3.912023 -3.912023 -3.912023 1.000000 0.000000 0.000000 0.000000
-14.076595 1.726355 2.942920 0.000000 0.000000 0.000000 -1.619536 -1.716847 -1.730749 2.000000 -3.912023 -3.912023 -3.912023 1.000000 0.000000 0.000000 0.000000
-14.001176 1.709340 2.938369 0.000000 0.000000 0.000000 -1.480520 -1.605635 -1.661241 2.000000 -3.912023 -3.912023 -3.912023 1.000000 0.000000 0.000000 0.000000
-13.532210 -1.095015 3.186998 0.000000 0.000000 0.000000 -0.980063 -1.494422 -1.716847 2.000000 -3.912023 -3.912023 -3.912023 1.000000 0.000000 0.000000 0.000000
-13.894337 -0.790377 3.077003 0.000000 0.000000 0.000000 -0.535212 -0.993964 -1.202488 2.000000 -3.912023 -3.912023 -3.912023 1.000000 0.000000 0.000000 0.000000
-13.880395 -0.778180 3.146746 0.000000 0.000000 0.000000 -0.563015 -1.132980 -1.397111 2.000000 -3.912023 -3.912023 -3.912023 1.000000 0.000000 0.000000 0.000000
-13.945615 -0.766575 2.761269 0.000000 0.000000 0.000000 -0.702031 -1.146882 -1.341504 2.000000 -3.912023 -3.912023 -3.912023 1.000000 0.000000 0.000000 0.000000
-13.036358 0.573386 3.823693 0.000000 0.000000 0.000000 -0.882752 -1.383209 -1.577831 2.000000 -3.912023 -3.912023 -3.912023 1.000000 0.000000 0.000000 0.000000
-14.020328 1.501942 3.175116 0.000000 0.000000 0.000000 -0.006951 -0.868850 -1.397111 2.000000 -3.912023 -3.912023 -3.912023 1.000000 0.000000 0.000000 0.000000
-14.132131 1.584016 3.256482 0.000000 0.000000 0.000000 -1.355406 -1.563930 -1.675143 2.000000 -3.912023 -3.912023 -3.912023 1.000000 0.000000 0.000000 0.000000
-14.001517 1.539121 3.064145 0.000000 0.000000 0.000000 -0.020852 -0.813244 -1.202488 2.000000 -3.912023 -3.912023 -3.912023 1.000000 0.000000 0.000000 0.000000
-13.961195 1.551182 2.956785 0.000000 0.000000 0.000000 -0.173770 -0.882752 -1.230291 2.000000 -3.912023 -3.912023 -3.912023 1.000000 0.000000 0.000000 0.000000
-13.964024 1.604364 2.646278 0.000000 0.000000 0.000000 -0.410097 -1.021768 -1.230291 2.000000 -3.912023 -3.912023 -3.912023 1.000000 0.000000 0.000000 0.000000
-13.967969 1.675775 2.920062 0.000000 0.000000 0.000000 -0.229376 -0.896653 -1.271996 2.000000 -3.912023 -3.912023 -3.912023 1.000000 0.000000 0.000000 0.000000
-14.001156 1.757287 2.608079 0.000000 0.000000 0.000000 -1.480520 -1.647339 -1.689044 2.000000 -3.912023 -3.912023 -3.912023 1.000000 0.000000 0.000000 0.000000
-13.379292 -1.447479 2.816961 0.000000 0.000000 0.000000 -0.229376 -0.938358 -1.466619 2.000000 -3.912023 -3.912023 -3.912023 1.000000 0.000000 0.000000 0.000000
-13.560746 -1.144030 3.191396 0.000000 0.000000 0.000000 -0.896653 -1.369307 -1.689044 2.000000 -3.912023 -3.912023 -3.912023 1.000000 0.000000 0.000000 0.000000
-13.709937 -0.957599 3.182342 0.000000 0.000000 0.000000 -0.563015 -1.153833 -1.508323 3.500000 -4.258597 -4.258597 -4.258597 1.000000 0.000000 0.000000 0.000000
-13.722398 -0.988957 2.458389 0.000000 0.000000 0.000000 -0.785440 -1.258095 -1.411012 2.000000 -3.912023 -3.912023 -3.912023 1.000000 0.000000 0.000000 0.000000
-13.870874 -0.800192 3.079340 0.000000 0.000000 0.000000 -0.410097 -0.980063 -1.285898 2.000000 -3.912023 -3.912023 -3.912023 1.000000 0.000000 0.000000 0.000000
-12.091547 -0.491064 4.290177 0.000000 0.000000 0.000000 -0.549113 -1.119079 -1.550028 2.000000 -3.912023 -3.912023 -3.912023 1.000000 0.000000 0.000000 0.000000
-12.949944 -0.255463 2.332561 0.000000 0.000000 0.000000 -0.688129 -1.258095 -1.633438 2.000000 -3.912023 -3.912023 -3.912023 1.000000 0.000000 0.000000 0.000000
-14.107285 1.573475 3.265193 0.000000 0.000000 0.000000 -1.355406 -1.563930 -1.675143 2.000000 -3.912023 -3.912023 -3.912023 1.000000 0.000000 0.000000 0.000000
-14.028249 1.578068 3.209851 0.000000 0.000000 0.000000 -0.062557 -0.882752 -1.438815 2.000000 -3.912023 -3.912023 -3.912023 1.000000 0.000000 0.000000 0.000000
-13.992641 1.679313 2.904912 0.000000 0.000000 0.000000 -0.159868 -0.841047 -1.230291 2.000000 -3.912023 -3.912023 -3.912023 1.000000 0.000000 0.000000 0.000000
-13.209526 -1.084495 3.768142 0.000000 0.000000 0.000000 -0.646424 -1.160784 -1.452717 2.000000 -3.912023 -3.912023 -3.912023 1.000000 0.000000 0.000000 0.000000
-13.276990 -1.056411 3.806123 0.000000 0.000000 0.000000 -0.646424 -1.160784 -1.494422 2.000000 -3.912023 -3.912023 -3.912023 1.000000 0.000000 0.000000 0.000000
-13.551720 -1.093687 3.167409 0.000000 0.000000 0.000000 -0.882752 -1.397111 -1.689044 2.000000 -3.912023 -3.912023 -3.912023 1.000000 0.000000 0.000000 0.000000
-13.455735 -0.896632 3.697529 0.000000 0.000000 0.000000 -0.639474 -1.258095 -1.591733 3.500000 -4.258597 -4.258597 -4.258597 1.000000 0.000000 0.000000 0.000000
-13.601487 -0.947542 3.296853 0.000000 0.000000 0.000000 -0.632523 -1.258095 -1.647339 2.000000 -3.912023 -3.912023 -3.912023 1.000000 0.000000 0.000000 0.000000
-13.792815 -0.950432 3.147182 0.000000 0.000000 0.000000 -0.563015 -1.153833 -1.508323 3.500000 -4.258597 -4.258597 -4.258597 1.000000 0.000000 0.000000 0.000000
-13.800507 -0.800422 3.111857 0.000000 0.000000 0.000000 -0.410097 -0.980063 -1.285898 2.000000 -3.912023 -3.912023 -3.912023 1.000000 0.000000 0.000000 0.000000
-13.937481 -0.777479 3.132133 0.000000 0.000000 0.000000 -0.451802 -1.035669 -1.369307 2.000000 -3.912023 -3.912023 -3.912023 1.000000 0.000000 0.000000 0.000000
-13.774631 -0.639175 3.436649 0.000000 0.000000 0.000000 -0.563015 -0.966161 -1.160784 2.000000 -3.912023 -3.912023 -3.912023 1.000000 0.000000 0.000000 0.000000
-14.121113 1.577237 3.218928 0.000000 0.000000 0.000000 -0.104262 -0.841047 -1.299799 2.000000 -3.912023 -3.912023 -3.912023 1.000000 0.000000 0.000000 0.000000
-14.028240 1.543453 3.061490 0.000000 0.000000 0.000000 -0.090360 -0.841047 -1.230291 2.000000 -3.912023 -3.912023 -3.912023 1.000000 0.000000 0.000000 0.000000
-14.049408 1.619113 3.174314 0.000000 0.000000 0.000000 -1.341504 -1.508323 -1.591733 2.000000 -3.912023 -3.912023 -3.912023 1.000000 0.000000 0.000000 0.000000
-13.917017 1.585205 2.670478 0.000000 0.000000 0.000000 -0.368392 -1.007866 -1.230291 2.000000 -3.912023 -3.912023 -3.912023 1.000000 0.000000 0.000000 0.000000
-14.053270 1.698945 2.883354 0.000000 0.000000 0.000000 -0.298884 -0.854948 -1.188587 2.000000 -3.912023 -3.912023 -3.912023 1.000000 0.000000 0.000000 0.000000
-13.316157 -1.080609 3.729211 0.000000 0.000000 0.000000 -0.549113 -1.077374 -1.466619 2.000000 -3.912023 -3.912023 -3.912023 1.000000 0.000000 0.000000 0.000000
-13.304237 -1.055940 3.791673 0.000000 0.000000 0.000000 -0.549113 -1.091276 -1.494422 2.000000 -3.912023 -3.912023 -3.912023 1.000000 0.000000 0.000000 0.000000
-13.660580 -1.063665 2.992481 0.000000 0.000000 0.000000 -0.423999 -0.952260 -1.383209 2.000000 -3.912023 -3.912023 -3.912023 1.000000 0.000000 0.000000 0.000000
-13.680790 -0.954817 3.184911 0.000000 0.000000 0.000000 -0.653375 -1.223341 -1.584782 3.500000 -4.258597 -4.258597 -4.258597 1.000000 0.000000 0.000000 0.000000
-13.791586 -0.788021 3.185388 0.000000 0.000000 0.000000 -0.549113 -1.105177 -1.383209 2.000000 -3.912023 -3.912023 -3.912023 1.000000 0.000000 0.000000 0.000000
-12.124638 -0.489144 4.272189 0.000000 0.000000 0.000000 -0.507408 -1.091276 -1.577831 2.000000 -3.912023 -3.912023 -3.912023 1.000000 0.000000 0.000000 0.000000
-14.143225 1.574875 3.256604 0.000000 0.000000 0.000000 -1.424914 -1.508323 -1.577831 2.000000 -3.912023 -3.912023 -3.912023 1.000000 0.000000 0.000000 0.000000
-13.951438 1.573243 2.880562 0.000000 0.000000 0.000000 -0.298884 -0.993964 -1.313701 2.000000 -3.912023 -3.912023 -3.912023 1.000000 0.000000 0.000000 0.000000
-14.030497 1.681386 2.888721 0.000000 0.000000 0.000000 -0.090360 -0.743736 -1.160784 2.000000 -3.912023 -3.912023 -3.912023 1.000000 0.000000 0.000000 0.000000
-13.962586 1.707304 2.574055 0.000000 0.000000 0.000000 -0.298884 -0.938358 -1.188587 2.000000 -3.912023 -3.912023 -3.912023 1.000000 0.000000 0.000000 0.000000
-13.995914 1.754022 2.596975 0.000000 0.000000 0.000000 -1.480520 -1.577831 -1.605635 2.000000 -3.912023 -3.912023 -3.912023 1.000000 0.000000 0.000000 0.000000
-13.510962 -1.247146 3.419169 0.000000 0.000000 0.000000 -0.298884 -1.049571 -1.522225 2.000000 -3.912023 -3.912023 -3.912023 1.000000 0.000000 0.000000 0.000000
-13.294993 -1.055220 3.804818 0.000000 0.000000 0.000000 -0.576916 -1.119079 -1.508323 2.000000 -3.912023 -3.912023 -3.912023 1.000000 0.000000 0.000000 0.000000
-13.634574 -0.940568 3.286472 0.000000 0.000000 0.000000 -0.451802 -1.174685 -1.675143 2.000000 -3.912023 -3.912023 -3.912023 1.000000 0.000000 0.000000 0.000000
-13.942821 1.486414 3.340426 0.000000 0.000000 0.000000 -1.411012 -1.508323 -1.563930 2.000000 -3.912023 -3.912023 -3.912023 1.000000 0.000000 0.000000 0.000000
-14.078434 1.626107 3.144073 0.000000 0.000000 0.000000 -1.327603 -1.466619 -1.550028 2.000000 -3.912023 -3.912023 -3.912023 1.000000 0.000000 0.000000 0.000000
-13.996650 1.650547 2.901334 0.000000 0.000000 0.000000 -0.201573 -0.785440 -1.160784 2.000000 -3.912023 -3.912023 -3.912023 1.000000 0.000000 0.000000 0.000000
-14.013660 1.681354 2.961183 0.000000 0.000000 0.000000 -1.341504 -1.424914 -1.438815 2.000000 -3.912023 -3.912023 -3.912023 1.000000 0.000000 0.000000 0.000000
-13.937704 1.719422 2.637689 0.000000 0.000000 0.000000 -1.285898 -1.397111 -1.424914 2.000000 -3.912023 -3.912023 -3.912023 1.000000 0.000000 0.000000 0.000000
-14.577649 -1.396036 2.635767 0.000000 0.000000 0.000000 -0.827145 -1.327603 -1.661241 2.000000 -3.912023 -3.912023 -3.912023 1.000000 0.000000 0.000000 0.000000
-14.903186 -1.038718 2.217167 0.000000 0.000000 0.000000 -0.660326 -1.132980 -1.327603 2.000000 -3.912023 -3.912023 -3.912023 1.000000 0.000000 0.000000 0.000000
-14.753588 -0.899062 2.962191 0.000000 0.000000 0.000000 -0.563015 -0.993964 -1.188587 2.000000 -3.912023 -3.912023 -3.912023 1.000000 0.000000 0.000000 0.000000
-13.865340 0.356086 3.190288 0.000000 0.000000 0.000000 -0.576916 -1.035669 -1.285898 2.000000 -3.912023 -3.912023 -3.912023 1.000000 0.000000 0.000000 0.000000
-14.981469 1.400256 2.521634 0.000000 0.000000 0.000000 -0.243278 -0.952260 -1.299799 2.000000 -3.912023 -3.912023 -3.912023 1.000000 0.000000 0.000000 0.000000
-14.920444 1.437520 2.341777 0.000000 0.000000 0.000000 -0.326688 -0.924456 -1.216390 2.000000 -3.912023 -3.912023 -3.912023 1.000000 0.000000 0.000000 0.000000
-14.994917 1.515498 2.610461 0.000000 0.000000 0.000000 -1.244193 -1.550028 -1.689044 2.000000 -3.912023 -3.912023 -3.912023 1.000000 0.000000 0.000000 0.000000
-14.929248 1.587368 2.384830 0.000000 0.000000 0.000000 -1.494422 -1.633438 -1.689044 2.000000 -3.912023 -3.912023 -3.912023 1.000000 0.000000 0.000000 0.000000
-14.890788 1.589898 2.348397 0.000000 0.000000 0.000000 -1.452717 -1.619536 -1.675143 2.000000 -3.912023 -3.912023 -3.912023 1.000000 0.000000 0.000000 0.000000
-14.237960 -1.469392 1.894217 0.000000 0.000000 0.000000 -0.632523 -1.202488 -1.508323 2.000000 -3.912023 -3.912023 -3.912023 1.000000 0.000000 0.000000 0.000000
-14.865599 -1.063506 2.562675 0.000000 0.000000 0.000000 -0.563015 -1.007866 -1.202488 2.000000 -3.912023 -3.912023 -3.912023 1.000000 0.000000 0.000000 0.000000
-13.247142 -0.857775 2.454473 0.000000 0.000000 0.000000 -0.660326 -1.105177 -1.369307 3.500000 -4.258597 -4.258597 -4.258597 1.000000 0.000000 0.000000 0.000000
-13.808415 0.237438 3.170784 0.000000 0.000000 0.000000 -0.813244 -1.160784 -1.327603 2.000000 -3.912023 -3.912023 -3.912023 1.000000 0.000000 0.000000 0.000000
-14.059026 0.638121 2.950300 0.000000 0.000000 0.000000 -0.660326 -1.063472 -1.271996 2.000000 -3.912023 -3.912023 -3.912023 1.000000 0.000000 0.000000 0.000000
-15.096333 1.483601 2.681848 0.000000 0.000000 0.000000 -1.355406 -1.466619 -1.508323 2.000000 -3.912023 -3.912023 -3.912023 1.000000 0.000000 0.000000 0.000000
-14.866569 1.415776 2.370477 0.000000 0.000000 0.000000 -0.298884 -0.924456 -1.230291 2.000000 -3.912023 -3.912023 -3.912023 1.000000 0.000000 0.000000 0.000000
-14.946510 1.497411 2.631411 0.000000 0.000000 0.000000 -1.369307 -1.619536 -1.716847 2.000000 -3.912023 -3.912023 -3.912023 1.000000 0.000000 0.000000 0.000000
-14.842009 1.454383 2.041060 0.000000 0.000000 0.000000 -0.437900 -1.035669 -1.244193 2.000000 -3.912023 -3.912023 -3.912023 1.000000 0.000000 0.000000 0.000000
-14.855735 1.467355 1.963084 0.000000 0.000000 0.000000 -0.271081 -0.854948 -1.119079 2.000000 -3.912023 -3.912023 -3.912023 1.000000 0.000000 0.000000 0.000000
-14.839852 1.546485 2.348733 0.000000 0.000000 0.000000 -0.257180 -0.896653 -1.271996 2.000000 -3.912023 -3.912023 -3.912023 1.000000 0.000000 0.000000 0.000000
-14.912307 1.579240 2.393244 0.000000 0.000000 0.000000 -1.494422 -1.633438 -1.689044 2.000000 -3.912023 -3.912023 -3.912023 1.000000 0.000000 0.000000 0.000000
-14.938985 1.604447 2.329911 0.000000 0.000000 0.000000 -1.480520 -1.619536 -1.661241 2.000000 -3.912023 -3.912023 -3.912023 1.000000 0.000000 0.000000 0.000000
-14.213856 -1.767115 2.328272 0.000000 0.000000 0.000000 -0.396196 -1.021768 -1.411012 2.000000 -3.912023 -3.912023 -3.912023 1.000000 0.000000 0.000000 0.000000
-14.349038 -1.537916 2.976859 0.000000 0.000000 0.000000 -0.646424 -1.244193 -1.494422 2.000000 -3.912023 -3.912023 -3.912023 1.000000 0.000000 0.000000 0.000000
-14.291604 -1.369416 3.288896 0.000000 0.000000 0.000000 -0.590818 -1.077374 -1.452717 2.000000 -3.912023 -3.912023 -3.912023 1.000000 0.000000 0.000000 0.000000
-14.571824 -1.386208 2.655639 0.000000 0.000000 0.000000 -0.952260 -1.438815 -1.702946 2.000000 -3.912023 -3.912023 -3.912023 1.000000 0.000000 0.000000 0.000000
-14.847293 -0.895565 2.921318 0.000000 0.000000 0.000000 -0.868850 -1.230291 -1.383209 2.000000 -3.912023 -3.912023 -3.912023 1.000000 0.000000 0.000000 0.000000
-13.061272 -0.729593 3.850785 0.000000 0.000000 0.000000 -0.590818 -1.132980 -1.550028 2.000000 -3.912023 -3.912023 -3.912023 1.000000 0.000000 0.000000 0.000000
-13.167718 -0.809975 2.609169 0.000000 0.000000 0.000000 -0.396196 -0.854948 -1.105177 2.000000 -3.912023 -3.912023 -3.912023 1.000000 0.000000 0.000000 0.000000
-15.112535 1.481309 2.673964 0.000000 0.000000 0.000000 -1.383209 -1.591733 -1.689044 2.000000 -3.912023 -3.912023 -3.912023 1.000000 0.000000 0.000000 0.000000
-14.920085 1.436822 2.347246 0.000000 0.000000 0.000000 -0.145967 -0.868850 -1.230291 2.000000 -3.912023 -3.912023 -3.912023 1.000000 0.000000 0.000000 0.000000
-15.019871 1.523497 2.592654 0.000000 0.000000 0.000000 -1.285898 -1.577831 -1.716847 2.000000 -3.912023 -3.912023 -3.912023 1.000000 0.000000 0.000000 0.000000
-14.868503 1.465563 2.028739 0.000000 0.000000 0.000000 -0.437900 -1.035669 -1.244193 2.000000 -3.912023 -3.912023 -3.912023 1.000000 0.000000 0.000000 0.000000
-14.886198 1.481852 1.942366 0.000000 0.000000 0.000000 -0.145967 -0.827145 -1.132980 2.000000 -3.912023 -3.912023 -3.912023 1.000000 0.000000 0.000000 0.000000
-14.849913 1.555054 2.417181 0.000000 0.000000 0.000000 -1.619536 -1.689044 -1.702946 2.000000 -3.912023 -3.912023 -3.912023 1.000000 0.000000 0.000000 0.000000
-14.208220 -1.693124 3.087798 0.000000 0.000000 0.000000 -0.090360 -0.868850 -1.327603 2.000000 -3.912023 -3.912023 -3.912023 1.000000 0.000000 0.000000 0.000000
-14.282617 -1.377911 3.287707 0.000000 0.000000 0.000000 -0.563015 -1.077374 -1.383209 2.000000 -3.912023 -3.912023 -3.912023 1.000000 0.000000 0.000000 0.000000
-14.287032 -1.345557 3.344047 0.000000 0.000000 0.000000 -0.618621 -1.119079 -1.480520 2.000000 -3.912023 -3.912023 -3.912023 1.000000 0.000000 0.000000 0.000000
-14.529863 -1.438522 2.690012 0.000000 0.000000 0.000000 -0.854948 -1.327603 -1.661241 2.000000 -3.912023 -3.912023 -3.912023 1.000000 0.000000 0.000000 0.000000
-14.582397 -1.385926 2.643657 0.000000 0.000000 0.000000 -0.993964 -1.494422 -1.730749 2.000000 -3.912023 -3.912023 -3.912023 1.000000 0.000000 0.000000 0.000000
-14.564065 -1.358168 2.461752 0.000000 0.000000 0.000000 -0.743736 -1.230291 -1.438815 2.000000 -3.912023 -3.912023 -3.912023 1.000000 0.000000 0.000000 0.000000
-14.518860 -1.131561 3.161726 0.000000 0.000000 0.000000 -0.702031 -1.132980 -1.313701 2.000000 -3.912023 -3.912023 -3.912023 1.000000 0.000000 0.000000 0.000000
-14.836212 -1.052346 2.648206 0.000000 0.000000 0.000000 -0.563015 -1.146882 -1.411012 2.000000 -3.912023 -3.912023 -3.912023 1.000000 0.000000 0.000000 0.000000
-14.960223 -1.037892 2.189296 0.000000 0.000000 0.000000 -0.563015 -1.063472 -1.258095 2.000000 -3.912023 -3.912023 -3.912023 1.000000 0.000000 0.000000 0.000000
-13.984735 0.401837 3.325090 0.000000 0.000000 0.000000 -0.910555 -1.397111 -1.577831 2.000000 -3.912023 -3.912023 -3.912023 1.000000 0.000000 0.000000 0.000000
-13.876560 0.352152 3.016928 0.000000 0.000000 0.000000 -0.729834 -1.160784 -1.341504 2.000000 -3.912023 -3.912023 -3.912023 1.000000 0.000000 0.000000 0.000000
-14.920938 1.357414 2.622908 0.000000 0.000000 0.000000 -0.020852 -0.841047 -1.355406 2.000000 -3.912023 -3.912023 -3.912023 1.000000 0.000000 0.000000 0.000000
-15.008669 1.414129 2.757953 0.000000 0.000000 0.000000 -1.508323 -1.619536 -1.661241 2.000000 -3.912023 -3.912023 -3.912023 1.000000 0.000000 0.000000 0.000000
-14.949330 1.391990 2.529255 0.000000 0.000000 0.000000 -0.062557 -0.813244 -1.202488 2.000000 -3.912023 -3.912023 -3.912023 1.000000 0.000000 0.000000 0.000000
-14.908469 1.430240 2.353727 0.000000 0.000000 0.000000 -0.145967 -0.868850 -1.230291 2.000000 -3.912023 -3.912023 -3.912023 1.000000 0.000000 0.000000 0.000000
-14.916560 1.573670 2.306279 0.000000 0.000000 0.000000 -0.257180 -0.896653 -1.271996 2.000000 -3.912023 -3.912023 -3.912023 1.000000 0.000000 0.000000 0.000000
-14.922116 1.577517 2.379805 0.000000 0.000000 0.000000 -1.577831 -1.689044 -1.702946 2.000000 -3.912023 -3.912023 -3.912023 1.000000 0.000000 0.000000 0.000000
-14.781180 1.597082 2.043153 0.000000 0.000000 0.000000 -1.536127 -1.689044 -1.716847 2.000000 -3.912023 -3.912023 -3.912023 1.000000 0.000000 0.000000 0.000000
-14.259285 -1.764665 2.309225 0.000000 0.000000 0.000000 -0.229376 -0.952260 -1.480520 2.000000 -3.912023 -3.912023 -3.912023 1.000000 0.000000 0.000000 0.000000
-14.564235 -1.387672 2.648574 0.000000 0.000000 0.000000 -0.980063 -1.480520 -1.716847 2.000000 -3.912023 -3.912023 -3.912023 1.000000 0.000000 0.000000 0.000000
-14.667771 -1.245961 2.685460 0.000000 0.000000 0.000000 -0.653375 -1.216390 -1.529176 3.500000 -4.258597 -4.258597 -4.258597 1.000000 0.000000 0.000000 0.000000
-14.646110 -1.230412 2.767418 0.000000 0.000000 0.000000 -0.674228 -1.271996 -1.661241 2.000000 -3.912023 -3.912023 -3.912023 1.000000 0.000000 0.000000 0.000000
-14.816827 -1.053067 2.649281 0.000000 0.000000 0.000000 -0.715932 -1.244193 -1.480520 2.000000 -3.912023 -3.912023 -3.912023 1.000000 0.000000 0.000000 0.000000
-14.949401 -1.033094 2.196729 0.000000 0.000000 0.000000 -0.563015 -1.063472 -1.258095 2.000000 -3.912023 -3.912023 -3.912023 1.000000 0.000000 0.000000 0.000000
-14.980907 1.384250 2.597751 0.000000 0.000000 0.000000 0.034754 -0.841047 -1.397111 2.000000 -3.912023 -3.912023 -3.912023 1.000000 0.000000 0.000000 0.000000
-14.893771 1.377612 2.561905 0.000000 0.000000 0.000000 -0.076459 -0.827145 -1.216390 2.000000 -3.912023 -3.912023 -3.912023 1.000000 0.000000 0.000000 0.000000
-15.008532 1.445793 2.675578 0.000000 0.000000 0.000000 -0.159868 -0.938358 -1.397111 2.000000 -3.912023 -3.912023 -3.912023 1.000000 0.000000 0.000000 0.000000
-14.935950 1.432569 2.419615 0.000000 0.000000 0.000000 -0.118164 -0.841047 -1.244193 2.000000 -3.912023 -3.912023 -3.912023 1.000000 0.000000 0.000000 0.000000
-15.043127 1.489587 2.608100 0.000000 0.000000 0.000000 -0.006951 -0.910555 -1.522225 2.000000 -3.912023 -3.912023 -3.912023 1.000000 0.000000 0.000000 0.000000
-14.957111 1.468096 2.229769 0.000000 0.000000 0.000000 -0.229376 -0.938358 -1.285898 2.000000 -3.912023 -3.912023 -3.912023 1.000000 0.000000 0.000000 0.000000
-14.968434 1.499261 2.608102 0.000000 0.000000 0.000000 -1.369307 -1.522225 -1.605635 2.000000 -3.912023 -3.912023 -3.912023 1.000000 0.000000 0.000000 0.000000
-14.954487 1.591817 2.361907 0.000000 0.000000 0.000000 -1.577831 -1.689044 -1.702946 2.000000 -3.912023 -3.912023 -3.912023 1.000000 0.000000 0.000000 0.000000
-14.166286 -1.756988 2.360902 0.000000 0.000000 0.000000 -0.284983 -0.993964 -1.480520 2.000000 -3.912023 -3.912023 -3.912023 1.000000 0.000000 0.000000 0.000000
-14.283008 -1.343791 3.355396 0.000000 0.000000 0.000000 -0.549113 -1.105177 -1.522225 2.000000 -3.912023 -3.912023 -3.912023 1.000000 0.000000 0.000000 0.000000
-14.725354 -1.222712 2.735956 0.000000 0.000000 0.000000 -0.535212 -1.216390 -1.647339 2.000000 -3.912023 -3.912023 -3.912023 1.000000 0.000000 0.000000 0.000000
-14.599729 -1.279430 1.916197 0.000000 0.000000 0.000000 -0.688129 -1.188587 -1.369307 2.000000 -3.912023 -3.912023 -3.912023 1.000000 0.000000 0.000000 0.000000
-14.895985 -1.067021 2.542911 0.000000 0.000000 0.000000 -0.423999 -0.938358 -1.174685 2.000000 -3.912023 -3.912023 -3.912023 1.000000 0.000000 0.000000 0.000000
-14.729189 -1.063511 2.706851 0.000000 0.000000 0.000000 -0.465704 -1.049571 -1.369307 2.000000 -3.912023 -3.912023 -3.912023 1.000000 0.000000 0.000000 0.000000
-13.335084 -0.848543 2.391300 0.000000 0.000000 0.000000 -0.590818 -1.077374 -1.376258 3.500000 -4.258597 -4.258597 -4.258597 1.000000 0.000000 0.000000 0.000000
-13.630721 -0.655996 1.928890 0.000000 0.000000 0.000000 -0.632523 -1.230291 -1.702946 2.000000 -3.912023 -3.912023 -3.912023 1.000000 0.000000 0.000000 0.000000
-13.929508 0.382231 3.358030 0.000000 0.000000 0.000000 -0.813244 -1.369307 -1.591733 2.000000 -3.912023 -3.912023 -3.912023 1.000000 0.000000 0.000000 0.000000
-14.975224 1.424001 2.691973 0.000000 0.000000 0.000000 -0.062557 -0.785440 -1.244193 2.000000 -3.912023 -3.912023 -3.912023 1.000000 0.000000 0.000000 0.000000
-14.913457 1.443309 2.367594 0.000000 0.000000 0.000000 -0.090360 -0.882752 -1.258095 2.000000 -3.912023 -3.912023 -3.912023 1.000000 0.000000 0.000000 0.000000
-14.760898 1.397129 2.341956 0.000000 0.000000 0.000000 -0.215475 -0.910555 -1.258095 2.000000 -3.912023 -3.912023 -3.912023 1.000000 0.000000 0.000000 0.000000
-14.868020 1.542806 2.332655 0.000000 0.000000 0.000000 -0.257180 -0.827145 -1.160784 2.000000 -3.912023 -3.912023 -3.912023 1.000000 0.000000 0.000000 0.000000
-14.296889 -1.539109 3.016749 0.000000 0.000000 0.000000 -0.396196 -1.132980 -1.536127 2.000000 -3.912023 -3.912023 -3.912023 1.000000 0.000000 0.000000 0.000000
-14.615812 -1.241423 2.696890 0.000000 0.000000 0.000000 -0.507408 -1.174685 -1.702946 2.000000 -3.912023 -3.912023 -3.912023 1.000000 0.000000 0.000000 0.000000
-14.603776 -1.227443 2.791614 0.000000 0.000000 0.000000 -0.674228 -1.271996 -1.661241 2.000000 -3.912023 -3.912023 -3.912023 1.000000 0.000000 0.000000 0.000000
-14.766029 -1.058244 2.679317 0.000000 0.000000 0.000000 -0.660326 -1.174685 -1.424914 2.000000 -3.912023 -3.912023 -3.912023 1.000000 0.000000 0.000000 0.000000
-13.232847 -0.855330 2.449029 0.000000 0.000000 0.000000 -0.632523 -1.174685 -1.466619 3.500000 -4.258597 -4.258597 -4.258597 1.000000 0.000000 0.000000 0.000000
-14.867599 1.423653 2.387607 0.000000 0.000000 0.000000 -0.104262 -0.868850 -1.230291 2.000000 -3.912023 -3.912023 -3.912023 1.000000 0.000000 0.000000 0.000000
-15.081049 1.549219 2.543416 0.000000 0.000000 0.000000 -1.438815 -1.563930 -1.619536 2.000000 -3.912023 -3.912023 -3.912023 1.000000 0.000000 0.000000 0.000000
-14.782777 1.499543 2.368310 0.000000 0.000000 0.000000 -0.159868 -0.854948 -1.244193 2.000000 -3.912023 -3.912023 -3.912023 1.000000 0.000000 0.000000 0.000000
-14.881124 1.633648 1.976360 0.000000 0.000000 0.000000 -1.577831 -1.661241 -1.689044 2.000000 -3.912023 -3.912023 -3.912023 1.000000 0.000000 0.000000 0.000000
-14.286031 -1.548048 3.029505 0.000000 0.000000 0.000000 -0.340589 -1.105177 -1.605635 2.000000 -3.912023 -3.912023 -3.912023 1.000000 0.000000 0.000000 0.000000
-14.608621 -1.221478 2.791121 0.000000 0.000000 0.000000 -0.479605 -1.188587 -1.661241 2.000000 -3.912023 -3.912023 -3.912023 1.000000 0.000000 0.000000 0.000000
-13.014185 -0.744553 3.864280 0.000000 0.000000 0.000000 -0.451802 -1.063472 -1.605635 2.000000 -3.912023 -3.912023 -3.912023 1.000000 0.000000 0.000000 0.000000
-12.965693 -0.698045 3.237212 0.000000 0.000000 0.000000 -1.174685 -1.494422 -1.619536 2.000000 -3.912023 -3.912023 -3.912023 1.000000 0.000000 0.000000 0.000000
-14.742927 1.492048 2.457319 0.000000 0.000000 0.000000 -1.299799 -1.383209 -1.411012 2.000000 -3.912023 -3.912023 -3.912023 1.000000 0.000000 0.000000 0.000000
-14.605621 1.514422 2.132419 0.000000 0.000000 0.000000 -1.438815 -1.550028 -1.563930 2.000000 -3.912023 -3.912023 -3.912023 1.000000 0.000000 0.000000 0.000000
